/*--------------------------------*- C++ -*----------------------------------*\
  =========                 |
  \\      /  F ield         | OpenFOAM: The Open Source CFD Toolbox
   \\    /   O peration     | Website:  https://openfoam.org
    \\  /    A nd           | Version:  11
     \\/     M anipulation  |
\*---------------------------------------------------------------------------*/
FoamFile
{
    format      ascii;
    class       vectorField;
    location    "constant/polyMesh";
    object      points;
}
// * * * * * * * * * * * * * * * * * * * * * * * * * * * * * * * * * * * * * //


3360
(
(-0.0275 -0.0275 0)
(-0.02475 -0.0275 0)
(-0.022 -0.0275 0)
(-0.01925 -0.0275 0)
(-0.0165 -0.0275 0)
(-0.01375 -0.0275 0)
(-0.011 -0.0275 0)
(-0.00825 -0.0275 0)
(-0.0055 -0.0275 0)
(-0.00275 -0.0275 0)
(0 -0.0275 0)
(0.00275 -0.0275 0)
(0.0055 -0.0275 0)
(0.00825 -0.0275 0)
(0.011 -0.0275 0)
(0.01375 -0.0275 0)
(0.0165 -0.0275 0)
(0.01925 -0.0275 0)
(0.022 -0.0275 0)
(0.02475 -0.0275 0)
(0.0275 -0.0275 0)
(-0.026574 -0.026574 0)
(-0.02392488928 -0.02660784705 0)
(-0.02127323559 -0.02663871704 0)
(-0.01861928038 -0.02666641962 0)
(-0.01596327927 -0.02669078397 0)
(-0.01330550051 -0.02671165984 0)
(-0.01064622332 -0.02672891851 0)
(-0.007985736126 -0.02674245355 0)
(-0.005324334849 -0.02675218149 0)
(-0.002662321033 -0.02675804235 0)
(0 -0.02676 0)
(0.002662321033 -0.02675804235 0)
(0.005324334849 -0.02675218149 0)
(0.007985736126 -0.02674245355 0)
(0.01064622332 -0.02672891851 0)
(0.01330550051 -0.02671165984 0)
(0.01596327927 -0.02669078397 0)
(0.01861928038 -0.02666641962 0)
(0.02127323559 -0.02663871704 0)
(0.02392488928 -0.02660784705 0)
(0.026574 -0.026574 0)
(-0.025648 -0.025648 0)
(-0.02309977855 -0.02571569409 0)
(-0.02054647118 -0.02577743408 0)
(-0.01798856075 -0.02583283925 0)
(-0.01542655854 -0.02588156794 0)
(-0.01286100103 -0.02592331969 0)
(-0.01029244663 -0.02595783702 0)
(-0.007721472252 -0.02598490709 0)
(-0.005148669699 -0.02600436298 0)
(-0.002574642066 -0.02601608471 0)
(0 -0.02602 0)
(0.002574642066 -0.02601608471 0)
(0.005148669699 -0.02600436298 0)
(0.007721472252 -0.02598490709 0)
(0.01029244663 -0.02595783702 0)
(0.01286100103 -0.02592331969 0)
(0.01542655854 -0.02588156794 0)
(0.01798856075 -0.02583283925 0)
(0.02054647118 -0.02577743408 0)
(0.02309977855 -0.02571569409 0)
(0.025648 -0.025648 0)
(-0.024722 -0.024722 0)
(-0.02227466783 -0.02482354114 0)
(-0.01981970677 -0.02491615112 0)
(-0.01735784113 -0.02499925887 0)
(-0.01488983781 -0.02507235192 0)
(-0.01241650154 -0.02513497953 0)
(-0.009938669951 -0.02518675553 0)
(-0.007457208378 -0.02522736064 0)
(-0.004973004548 -0.02525654447 0)
(-0.0024869631 -0.02527412706 0)
(0 -0.02528 0)
(0.0024869631 -0.02527412706 0)
(0.004973004548 -0.02525654447 0)
(0.007457208378 -0.02522736064 0)
(0.009938669951 -0.02518675553 0)
(0.01241650154 -0.02513497953 0)
(0.01488983781 -0.02507235192 0)
(0.01735784113 -0.02499925887 0)
(0.01981970677 -0.02491615112 0)
(0.02227466783 -0.02482354114 0)
(0.024722 -0.024722 0)
(-0.023796 -0.023796 0)
(-0.0214495571 -0.02393138819 0)
(-0.01909294235 -0.02405486816 0)
(-0.01672712151 -0.0241656785 0)
(-0.01435311708 -0.02426313589 0)
(-0.01197200206 -0.02434663938 0)
(-0.009584893269 -0.02441567404 0)
(-0.007192944503 -0.02446981418 0)
(-0.004797339398 -0.02450872596 0)
(-0.002399284133 -0.02453216942 0)
(0 -0.02454 0)
(0.002399284133 -0.02453216942 0)
(0.004797339398 -0.02450872596 0)
(0.007192944503 -0.02446981418 0)
(0.009584893269 -0.02441567404 0)
(0.01197200206 -0.02434663938 0)
(0.01435311708 -0.02426313589 0)
(0.01672712151 -0.0241656785 0)
(0.01909294235 -0.02405486816 0)
(0.0214495571 -0.02393138819 0)
(0.023796 -0.023796 0)
(-0.02287 -0.02287 0)
(-0.02062444638 -0.02303923523 0)
(-0.01836617794 -0.0231935852 0)
(-0.01609640188 -0.02333209812 0)
(-0.01381639635 -0.02345391986 0)
(-0.01152750257 -0.02355829922 0)
(-0.009231116586 -0.02364459255 0)
(-0.006928680629 -0.02371226773 0)
(-0.004621674247 -0.02376090745 0)
(-0.002311605166 -0.02379021177 0)
(0 -0.0238 0)
(0.002311605166 -0.02379021177 0)
(0.004621674247 -0.02376090745 0)
(0.006928680629 -0.02371226773 0)
(0.009231116586 -0.02364459255 0)
(0.01152750257 -0.02355829922 0)
(0.01381639635 -0.02345391986 0)
(0.01609640188 -0.02333209812 0)
(0.01836617794 -0.0231935852 0)
(0.02062444638 -0.02303923523 0)
(0.02287 -0.02287 0)
(-0.021944 -0.021944 0)
(-0.01979933565 -0.02214708228 0)
(-0.01763941353 -0.02233230225 0)
(-0.01546568226 -0.02249851775 0)
(-0.01327967562 -0.02264470383 0)
(-0.01108300309 -0.02276995906 0)
(-0.008877339903 -0.02287351106 0)
(-0.006664416755 -0.02295472128 0)
(-0.004446009096 -0.02301308894 0)
(-0.002223926199 -0.02304825413 0)
(0 -0.02306 0)
(0.002223926199 -0.02304825413 0)
(0.004446009096 -0.02301308894 0)
(0.006664416755 -0.02295472128 0)
(0.008877339903 -0.02287351106 0)
(0.01108300309 -0.02276995906 0)
(0.01327967562 -0.02264470383 0)
(0.01546568226 -0.02249851775 0)
(0.01763941353 -0.02233230225 0)
(0.01979933565 -0.02214708228 0)
(0.021944 -0.021944 0)
(-0.021018 -0.021018 0)
(-0.01897422493 -0.02125492933 0)
(-0.01691264912 -0.02147101929 0)
(-0.01483496264 -0.02166493737 0)
(-0.01274295489 -0.02183548781 0)
(-0.0106385036 -0.02198161891 0)
(-0.00852356322 -0.02210242957 0)
(-0.006400152881 -0.02219717482 0)
(-0.004270343946 -0.02226527043 0)
(-0.002136247233 -0.02230629648 0)
(0 -0.02232 0)
(0.002136247233 -0.02230629648 0)
(0.004270343946 -0.02226527043 0)
(0.006400152881 -0.02219717482 0)
(0.00852356322 -0.02210242957 0)
(0.0106385036 -0.02198161891 0)
(0.01274295489 -0.02183548781 0)
(0.01483496264 -0.02166493737 0)
(0.01691264912 -0.02147101929 0)
(0.01897422493 -0.02125492933 0)
(0.021018 -0.021018 0)
(-0.020092 -0.020092 0)
(-0.0181491142 -0.02036277638 0)
(-0.01618588471 -0.02060973633 0)
(-0.01420424301 -0.020831357 0)
(-0.01220623416 -0.02102627178 0)
(-0.01019400412 -0.02119327875 0)
(-0.008169786537 -0.02133134808 0)
(-0.006135889007 -0.02143962837 0)
(-0.004094678795 -0.02151745192 0)
(-0.002048568266 -0.02156433884 0)
(0 -0.02158 0)
(0.002048568266 -0.02156433884 0)
(0.004094678795 -0.02151745192 0)
(0.006135889007 -0.02143962837 0)
(0.008169786537 -0.02133134808 0)
(0.01019400412 -0.02119327875 0)
(0.01220623416 -0.02102627178 0)
(0.01420424301 -0.020831357 0)
(0.01618588471 -0.02060973633 0)
(0.0181491142 -0.02036277638 0)
(0.020092 -0.020092 0)
(-0.019166 -0.019166 0)
(-0.01732400348 -0.01947062342 0)
(-0.0154591203 -0.01974845337 0)
(-0.01357352339 -0.01999777662 0)
(-0.01166951343 -0.02021705575 0)
(-0.00974950463 -0.0204049386 0)
(-0.007816009854 -0.02056026659 0)
(-0.005871625133 -0.02068208191 0)
(-0.003919013645 -0.02076963341 0)
(-0.001960889299 -0.02082238119 0)
(0 -0.02084 0)
(0.001960889299 -0.02082238119 0)
(0.003919013645 -0.02076963341 0)
(0.005871625133 -0.02068208191 0)
(0.007816009854 -0.02056026659 0)
(0.00974950463 -0.0204049386 0)
(0.01166951343 -0.02021705575 0)
(0.01357352339 -0.01999777662 0)
(0.0154591203 -0.01974845337 0)
(0.01732400348 -0.01947062342 0)
(0.019166 -0.019166 0)
(-0.01824 -0.01824 0)
(-0.01649889276 -0.01857847047 0)
(-0.01473235589 -0.01888717041 0)
(-0.01294280377 -0.01916419625 0)
(-0.0111327927 -0.01940783972 0)
(-0.009305005144 -0.01961659844 0)
(-0.007462233171 -0.0197891851 0)
(-0.005607361259 -0.01992453546 0)
(-0.003743348494 -0.0200218149 0)
(-0.001873210332 -0.02008042354 0)
(0 -0.0201 0)
(0.001873210332 -0.02008042354 0)
(0.003743348494 -0.0200218149 0)
(0.005607361259 -0.01992453546 0)
(0.007462233171 -0.0197891851 0)
(0.009305005144 -0.01961659844 0)
(0.0111327927 -0.01940783972 0)
(0.01294280377 -0.01916419625 0)
(0.01473235589 -0.01888717041 0)
(0.01649889276 -0.01857847047 0)
(0.01824 -0.01824 0)
(-0.017314 -0.017314 0)
(-0.01567378203 -0.01768631752 0)
(-0.01400559147 -0.01802588745 0)
(-0.01231208414 -0.01833061587 0)
(-0.01059607197 -0.0185986237 0)
(-0.008860505658 -0.01882825828 0)
(-0.007108456489 -0.01901810361 0)
(-0.005343097385 -0.019166989 0)
(-0.003567683344 -0.01927399639 0)
(-0.001785531366 -0.0193384659 0)
(0 -0.01936 0)
(0.001785531366 -0.0193384659 0)
(0.003567683344 -0.01927399639 0)
(0.005343097385 -0.019166989 0)
(0.007108456489 -0.01901810361 0)
(0.008860505658 -0.01882825828 0)
(0.01059607197 -0.0185986237 0)
(0.01231208414 -0.01833061587 0)
(0.01400559147 -0.01802588745 0)
(0.01567378203 -0.01768631752 0)
(0.017314 -0.017314 0)
(-0.016388 -0.016388 0)
(-0.01484867131 -0.01679416456 0)
(-0.01327882706 -0.01716460449 0)
(-0.01168136452 -0.01749703549 0)
(-0.01005935124 -0.01778940767 0)
(-0.008416006173 -0.01803991813 0)
(-0.006754679806 -0.01824702212 0)
(-0.00507883351 -0.01840944255 0)
(-0.003392018193 -0.01852617788 0)
(-0.001697852399 -0.01859650825 0)
(0 -0.01862 0)
(0.001697852399 -0.01859650825 0)
(0.003392018193 -0.01852617788 0)
(0.00507883351 -0.01840944255 0)
(0.006754679806 -0.01824702212 0)
(0.008416006173 -0.01803991813 0)
(0.01005935124 -0.01778940767 0)
(0.01168136452 -0.01749703549 0)
(0.01327882706 -0.01716460449 0)
(0.01484867131 -0.01679416456 0)
(0.016388 -0.016388 0)
(-0.015462 -0.015462 0)
(-0.01402356058 -0.01590201161 0)
(-0.01255206265 -0.01630332153 0)
(-0.0110506449 -0.01666345512 0)
(-0.009522630511 -0.01698019164 0)
(-0.007971506687 -0.01725157797 0)
(-0.006400903123 -0.01747594063 0)
(-0.004814569636 -0.0176518961 0)
(-0.003216353042 -0.01777835936 0)
(-0.001610173432 -0.01785455061 0)
(0 -0.01788 0)
(0.001610173432 -0.01785455061 0)
(0.003216353042 -0.01777835936 0)
(0.004814569636 -0.0176518961 0)
(0.006400903123 -0.01747594063 0)
(0.007971506687 -0.01725157797 0)
(0.009522630511 -0.01698019164 0)
(0.0110506449 -0.01666345512 0)
(0.01255206265 -0.01630332153 0)
(0.01402356058 -0.01590201161 0)
(0.015462 -0.015462 0)
(-0.014536 -0.014536 0)
(-0.01319844986 -0.01500985866 0)
(-0.01182529824 -0.01544203857 0)
(-0.01041992527 -0.01582987474 0)
(-0.008985909782 -0.01617097561 0)
(-0.007527007202 -0.01646323781 0)
(-0.00604712644 -0.01670485914 0)
(-0.004550305762 -0.01689434964 0)
(-0.003040687892 -0.01703054085 0)
(-0.001522494465 -0.01711259296 0)
(0 -0.01714 0)
(0.001522494465 -0.01711259296 0)
(0.003040687892 -0.01703054085 0)
(0.004550305762 -0.01689434964 0)
(0.00604712644 -0.01670485914 0)
(0.007527007202 -0.01646323781 0)
(0.008985909782 -0.01617097561 0)
(0.01041992527 -0.01582987474 0)
(0.01182529824 -0.01544203857 0)
(0.01319844986 -0.01500985866 0)
(0.014536 -0.014536 0)
(-0.01361 -0.01361 0)
(-0.01237333913 -0.0141177057 0)
(-0.01109853383 -0.01458075561 0)
(-0.009789205652 -0.01499629437 0)
(-0.008449189052 -0.01536175959 0)
(-0.007082507716 -0.01567489766 0)
(-0.005693349757 -0.01593377765 0)
(-0.004286041888 -0.01613680319 0)
(-0.002865022741 -0.01628272234 0)
(-0.001434815499 -0.01637063532 0)
(0 -0.0164 0)
(0.001434815499 -0.01637063532 0)
(0.002865022741 -0.01628272234 0)
(0.004286041888 -0.01613680319 0)
(0.005693349757 -0.01593377765 0)
(0.007082507716 -0.01567489766 0)
(0.008449189052 -0.01536175959 0)
(0.009789205652 -0.01499629437 0)
(0.01109853383 -0.01458075561 0)
(0.01237333913 -0.0141177057 0)
(0.01361 -0.01361 0)
(-0.012684 -0.012684 0)
(-0.01154822841 -0.01322555275 0)
(-0.01037176942 -0.01371947265 0)
(-0.009158486028 -0.01416271399 0)
(-0.007912468322 -0.01455254356 0)
(-0.00663800823 -0.0148865575 0)
(-0.005339573074 -0.01516269616 0)
(-0.004021778014 -0.01537925673 0)
(-0.002689357591 -0.01553490383 0)
(-0.001347136532 -0.01562867767 0)
(0 -0.01566 0)
(0.001347136532 -0.01562867767 0)
(0.002689357591 -0.01553490383 0)
(0.004021778014 -0.01537925673 0)
(0.005339573074 -0.01516269616 0)
(0.00663800823 -0.0148865575 0)
(0.007912468322 -0.01455254356 0)
(0.009158486028 -0.01416271399 0)
(0.01037176942 -0.01371947265 0)
(0.01154822841 -0.01322555275 0)
(0.012684 -0.012684 0)
(-0.011758 -0.011758 0)
(-0.01072311769 -0.0123333998 0)
(-0.009645005006 -0.01285818969 0)
(-0.008527766405 -0.01332913362 0)
(-0.007375747592 -0.01374332753 0)
(-0.006193508745 -0.01409821735 0)
(-0.004985796392 -0.01439161467 0)
(-0.00375751414 -0.01462171028 0)
(-0.00251369244 -0.01478708532 0)
(-0.001259457565 -0.01488672003 0)
(0 -0.01492 0)
(0.001259457565 -0.01488672003 0)
(0.00251369244 -0.01478708532 0)
(0.00375751414 -0.01462171028 0)
(0.004985796392 -0.01439161467 0)
(0.006193508745 -0.01409821735 0)
(0.007375747592 -0.01374332753 0)
(0.008527766405 -0.01332913362 0)
(0.009645005006 -0.01285818969 0)
(0.01072311769 -0.0123333998 0)
(0.011758 -0.011758 0)
(-0.010832 -0.010832 0)
(-0.009898006961 -0.01144124685 0)
(-0.008918240595 -0.01199690674 0)
(-0.007897046782 -0.01249555324 0)
(-0.006839026862 -0.0129341115 0)
(-0.005749009259 -0.01330987719 0)
(-0.004632019709 -0.01362053318 0)
(-0.003493250266 -0.01386416383 0)
(-0.002338027289 -0.01403926681 0)
(-0.001171778598 -0.01414476238 0)
(0 -0.01418 0)
(0.001171778598 -0.01414476238 0)
(0.002338027289 -0.01403926681 0)
(0.003493250266 -0.01386416383 0)
(0.004632019709 -0.01362053318 0)
(0.005749009259 -0.01330987719 0)
(0.006839026862 -0.0129341115 0)
(0.007897046782 -0.01249555324 0)
(0.008918240595 -0.01199690674 0)
(0.009898006961 -0.01144124685 0)
(0.010832 -0.010832 0)
(-0.009906 -0.009906 0)
(-0.009072896236 -0.01054909389 0)
(-0.008191476183 -0.01113562378 0)
(-0.007266327159 -0.01166197287 0)
(-0.006302306132 -0.01212489548 0)
(-0.005304509774 -0.01252153703 0)
(-0.004278243026 -0.01284945168 0)
(-0.003228986392 -0.01310661737 0)
(-0.002162362139 -0.0132914483 0)
(-0.001084099632 -0.01340280474 0)
(0 -0.01344 0)
(0.001084099632 -0.01340280474 0)
(0.002162362139 -0.0132914483 0)
(0.003228986392 -0.01310661737 0)
(0.004278243026 -0.01284945168 0)
(0.005304509774 -0.01252153703 0)
(0.006302306132 -0.01212489548 0)
(0.007266327159 -0.01166197287 0)
(0.008191476183 -0.01113562378 0)
(0.009072896236 -0.01054909389 0)
(0.009906 -0.009906 0)
(-0.00898 -0.00898 0)
(-0.008247785512 -0.009656940939 0)
(-0.007464711772 -0.01027434082 0)
(-0.006635607535 -0.01082839249 0)
(-0.005765585402 -0.01131567945 0)
(-0.004860010288 -0.01173319688 0)
(-0.003924466343 -0.01207837019 0)
(-0.002964722517 -0.01234907092 0)
(-0.001986696988 -0.01254362979 0)
(-0.0009964206648 -0.01266084709 0)
(0 -0.0127 0)
(0.0009964206648 -0.01266084709 0)
(0.001986696988 -0.01254362979 0)
(0.002964722517 -0.01234907092 0)
(0.003924466343 -0.01207837019 0)
(0.004860010288 -0.01173319688 0)
(0.005765585402 -0.01131567945 0)
(0.006635607535 -0.01082839249 0)
(0.007464711772 -0.01027434082 0)
(0.008247785512 -0.009656940939 0)
(0.00898 -0.00898 0)
(-0.0275 -0.0275 0.0114)
(-0.02475 -0.0275 0.0114)
(-0.022 -0.0275 0.0114)
(-0.01925 -0.0275 0.0114)
(-0.0165 -0.0275 0.0114)
(-0.01375 -0.0275 0.0114)
(-0.011 -0.0275 0.0114)
(-0.00825 -0.0275 0.0114)
(-0.0055 -0.0275 0.0114)
(-0.00275 -0.0275 0.0114)
(0 -0.0275 0.0114)
(0.00275 -0.0275 0.0114)
(0.0055 -0.0275 0.0114)
(0.00825 -0.0275 0.0114)
(0.011 -0.0275 0.0114)
(0.01375 -0.0275 0.0114)
(0.0165 -0.0275 0.0114)
(0.01925 -0.0275 0.0114)
(0.022 -0.0275 0.0114)
(0.02475 -0.0275 0.0114)
(0.0275 -0.0275 0.0114)
(-0.026574 -0.026574 0.0114)
(-0.02392488928 -0.02660784705 0.0114)
(-0.02127323559 -0.02663871704 0.0114)
(-0.01861928038 -0.02666641962 0.0114)
(-0.01596327927 -0.02669078397 0.0114)
(-0.01330550051 -0.02671165984 0.0114)
(-0.01064622332 -0.02672891851 0.0114)
(-0.007985736126 -0.02674245355 0.0114)
(-0.005324334849 -0.02675218149 0.0114)
(-0.002662321033 -0.02675804235 0.0114)
(0 -0.02676 0.0114)
(0.002662321033 -0.02675804235 0.0114)
(0.005324334849 -0.02675218149 0.0114)
(0.007985736126 -0.02674245355 0.0114)
(0.01064622332 -0.02672891851 0.0114)
(0.01330550051 -0.02671165984 0.0114)
(0.01596327927 -0.02669078397 0.0114)
(0.01861928038 -0.02666641962 0.0114)
(0.02127323559 -0.02663871704 0.0114)
(0.02392488928 -0.02660784705 0.0114)
(0.026574 -0.026574 0.0114)
(-0.025648 -0.025648 0.0114)
(-0.02309977855 -0.02571569409 0.0114)
(-0.02054647118 -0.02577743408 0.0114)
(-0.01798856075 -0.02583283925 0.0114)
(-0.01542655854 -0.02588156794 0.0114)
(-0.01286100103 -0.02592331969 0.0114)
(-0.01029244663 -0.02595783702 0.0114)
(-0.007721472252 -0.02598490709 0.0114)
(-0.005148669699 -0.02600436298 0.0114)
(-0.002574642066 -0.02601608471 0.0114)
(0 -0.02602 0.0114)
(0.002574642066 -0.02601608471 0.0114)
(0.005148669699 -0.02600436298 0.0114)
(0.007721472252 -0.02598490709 0.0114)
(0.01029244663 -0.02595783702 0.0114)
(0.01286100103 -0.02592331969 0.0114)
(0.01542655854 -0.02588156794 0.0114)
(0.01798856075 -0.02583283925 0.0114)
(0.02054647118 -0.02577743408 0.0114)
(0.02309977855 -0.02571569409 0.0114)
(0.025648 -0.025648 0.0114)
(-0.024722 -0.024722 0.0114)
(-0.02227466783 -0.02482354114 0.0114)
(-0.01981970677 -0.02491615112 0.0114)
(-0.01735784113 -0.02499925887 0.0114)
(-0.01488983781 -0.02507235192 0.0114)
(-0.01241650154 -0.02513497953 0.0114)
(-0.009938669951 -0.02518675553 0.0114)
(-0.007457208378 -0.02522736064 0.0114)
(-0.004973004548 -0.02525654447 0.0114)
(-0.0024869631 -0.02527412706 0.0114)
(0 -0.02528 0.0114)
(0.0024869631 -0.02527412706 0.0114)
(0.004973004548 -0.02525654447 0.0114)
(0.007457208378 -0.02522736064 0.0114)
(0.009938669951 -0.02518675553 0.0114)
(0.01241650154 -0.02513497953 0.0114)
(0.01488983781 -0.02507235192 0.0114)
(0.01735784113 -0.02499925887 0.0114)
(0.01981970677 -0.02491615112 0.0114)
(0.02227466783 -0.02482354114 0.0114)
(0.024722 -0.024722 0.0114)
(-0.023796 -0.023796 0.0114)
(-0.0214495571 -0.02393138819 0.0114)
(-0.01909294235 -0.02405486816 0.0114)
(-0.01672712151 -0.0241656785 0.0114)
(-0.01435311708 -0.02426313589 0.0114)
(-0.01197200206 -0.02434663938 0.0114)
(-0.009584893269 -0.02441567404 0.0114)
(-0.007192944503 -0.02446981418 0.0114)
(-0.004797339398 -0.02450872596 0.0114)
(-0.002399284133 -0.02453216942 0.0114)
(0 -0.02454 0.0114)
(0.002399284133 -0.02453216942 0.0114)
(0.004797339398 -0.02450872596 0.0114)
(0.007192944503 -0.02446981418 0.0114)
(0.009584893269 -0.02441567404 0.0114)
(0.01197200206 -0.02434663938 0.0114)
(0.01435311708 -0.02426313589 0.0114)
(0.01672712151 -0.0241656785 0.0114)
(0.01909294235 -0.02405486816 0.0114)
(0.0214495571 -0.02393138819 0.0114)
(0.023796 -0.023796 0.0114)
(-0.02287 -0.02287 0.0114)
(-0.02062444638 -0.02303923523 0.0114)
(-0.01836617794 -0.0231935852 0.0114)
(-0.01609640188 -0.02333209812 0.0114)
(-0.01381639635 -0.02345391986 0.0114)
(-0.01152750257 -0.02355829922 0.0114)
(-0.009231116586 -0.02364459255 0.0114)
(-0.006928680629 -0.02371226773 0.0114)
(-0.004621674247 -0.02376090745 0.0114)
(-0.002311605166 -0.02379021177 0.0114)
(0 -0.0238 0.0114)
(0.002311605166 -0.02379021177 0.0114)
(0.004621674247 -0.02376090745 0.0114)
(0.006928680629 -0.02371226773 0.0114)
(0.009231116586 -0.02364459255 0.0114)
(0.01152750257 -0.02355829922 0.0114)
(0.01381639635 -0.02345391986 0.0114)
(0.01609640188 -0.02333209812 0.0114)
(0.01836617794 -0.0231935852 0.0114)
(0.02062444638 -0.02303923523 0.0114)
(0.02287 -0.02287 0.0114)
(-0.021944 -0.021944 0.0114)
(-0.01979933565 -0.02214708228 0.0114)
(-0.01763941353 -0.02233230225 0.0114)
(-0.01546568226 -0.02249851775 0.0114)
(-0.01327967562 -0.02264470383 0.0114)
(-0.01108300309 -0.02276995906 0.0114)
(-0.008877339903 -0.02287351106 0.0114)
(-0.006664416755 -0.02295472128 0.0114)
(-0.004446009096 -0.02301308894 0.0114)
(-0.002223926199 -0.02304825413 0.0114)
(0 -0.02306 0.0114)
(0.002223926199 -0.02304825413 0.0114)
(0.004446009096 -0.02301308894 0.0114)
(0.006664416755 -0.02295472128 0.0114)
(0.008877339903 -0.02287351106 0.0114)
(0.01108300309 -0.02276995906 0.0114)
(0.01327967562 -0.02264470383 0.0114)
(0.01546568226 -0.02249851775 0.0114)
(0.01763941353 -0.02233230225 0.0114)
(0.01979933565 -0.02214708228 0.0114)
(0.021944 -0.021944 0.0114)
(-0.021018 -0.021018 0.0114)
(-0.01897422493 -0.02125492933 0.0114)
(-0.01691264912 -0.02147101929 0.0114)
(-0.01483496264 -0.02166493737 0.0114)
(-0.01274295489 -0.02183548781 0.0114)
(-0.0106385036 -0.02198161891 0.0114)
(-0.00852356322 -0.02210242957 0.0114)
(-0.006400152881 -0.02219717482 0.0114)
(-0.004270343946 -0.02226527043 0.0114)
(-0.002136247233 -0.02230629648 0.0114)
(0 -0.02232 0.0114)
(0.002136247233 -0.02230629648 0.0114)
(0.004270343946 -0.02226527043 0.0114)
(0.006400152881 -0.02219717482 0.0114)
(0.00852356322 -0.02210242957 0.0114)
(0.0106385036 -0.02198161891 0.0114)
(0.01274295489 -0.02183548781 0.0114)
(0.01483496264 -0.02166493737 0.0114)
(0.01691264912 -0.02147101929 0.0114)
(0.01897422493 -0.02125492933 0.0114)
(0.021018 -0.021018 0.0114)
(-0.020092 -0.020092 0.0114)
(-0.0181491142 -0.02036277638 0.0114)
(-0.01618588471 -0.02060973633 0.0114)
(-0.01420424301 -0.020831357 0.0114)
(-0.01220623416 -0.02102627178 0.0114)
(-0.01019400412 -0.02119327875 0.0114)
(-0.008169786537 -0.02133134808 0.0114)
(-0.006135889007 -0.02143962837 0.0114)
(-0.004094678795 -0.02151745192 0.0114)
(-0.002048568266 -0.02156433884 0.0114)
(0 -0.02158 0.0114)
(0.002048568266 -0.02156433884 0.0114)
(0.004094678795 -0.02151745192 0.0114)
(0.006135889007 -0.02143962837 0.0114)
(0.008169786537 -0.02133134808 0.0114)
(0.01019400412 -0.02119327875 0.0114)
(0.01220623416 -0.02102627178 0.0114)
(0.01420424301 -0.020831357 0.0114)
(0.01618588471 -0.02060973633 0.0114)
(0.0181491142 -0.02036277638 0.0114)
(0.020092 -0.020092 0.0114)
(-0.019166 -0.019166 0.0114)
(-0.01732400348 -0.01947062342 0.0114)
(-0.0154591203 -0.01974845337 0.0114)
(-0.01357352339 -0.01999777662 0.0114)
(-0.01166951343 -0.02021705575 0.0114)
(-0.00974950463 -0.0204049386 0.0114)
(-0.007816009854 -0.02056026659 0.0114)
(-0.005871625133 -0.02068208191 0.0114)
(-0.003919013645 -0.02076963341 0.0114)
(-0.001960889299 -0.02082238119 0.0114)
(0 -0.02084 0.0114)
(0.001960889299 -0.02082238119 0.0114)
(0.003919013645 -0.02076963341 0.0114)
(0.005871625133 -0.02068208191 0.0114)
(0.007816009854 -0.02056026659 0.0114)
(0.00974950463 -0.0204049386 0.0114)
(0.01166951343 -0.02021705575 0.0114)
(0.01357352339 -0.01999777662 0.0114)
(0.0154591203 -0.01974845337 0.0114)
(0.01732400348 -0.01947062342 0.0114)
(0.019166 -0.019166 0.0114)
(-0.01824 -0.01824 0.0114)
(-0.01649889276 -0.01857847047 0.0114)
(-0.01473235589 -0.01888717041 0.0114)
(-0.01294280377 -0.01916419625 0.0114)
(-0.0111327927 -0.01940783972 0.0114)
(-0.009305005144 -0.01961659844 0.0114)
(-0.007462233171 -0.0197891851 0.0114)
(-0.005607361259 -0.01992453546 0.0114)
(-0.003743348494 -0.0200218149 0.0114)
(-0.001873210332 -0.02008042354 0.0114)
(0 -0.0201 0.0114)
(0.001873210332 -0.02008042354 0.0114)
(0.003743348494 -0.0200218149 0.0114)
(0.005607361259 -0.01992453546 0.0114)
(0.007462233171 -0.0197891851 0.0114)
(0.009305005144 -0.01961659844 0.0114)
(0.0111327927 -0.01940783972 0.0114)
(0.01294280377 -0.01916419625 0.0114)
(0.01473235589 -0.01888717041 0.0114)
(0.01649889276 -0.01857847047 0.0114)
(0.01824 -0.01824 0.0114)
(-0.017314 -0.017314 0.0114)
(-0.01567378203 -0.01768631752 0.0114)
(-0.01400559147 -0.01802588745 0.0114)
(-0.01231208414 -0.01833061587 0.0114)
(-0.01059607197 -0.0185986237 0.0114)
(-0.008860505658 -0.01882825828 0.0114)
(-0.007108456489 -0.01901810361 0.0114)
(-0.005343097385 -0.019166989 0.0114)
(-0.003567683344 -0.01927399639 0.0114)
(-0.001785531366 -0.0193384659 0.0114)
(0 -0.01936 0.0114)
(0.001785531366 -0.0193384659 0.0114)
(0.003567683344 -0.01927399639 0.0114)
(0.005343097385 -0.019166989 0.0114)
(0.007108456489 -0.01901810361 0.0114)
(0.008860505658 -0.01882825828 0.0114)
(0.01059607197 -0.0185986237 0.0114)
(0.01231208414 -0.01833061587 0.0114)
(0.01400559147 -0.01802588745 0.0114)
(0.01567378203 -0.01768631752 0.0114)
(0.017314 -0.017314 0.0114)
(-0.016388 -0.016388 0.0114)
(-0.01484867131 -0.01679416456 0.0114)
(-0.01327882706 -0.01716460449 0.0114)
(-0.01168136452 -0.01749703549 0.0114)
(-0.01005935124 -0.01778940767 0.0114)
(-0.008416006173 -0.01803991813 0.0114)
(-0.006754679806 -0.01824702212 0.0114)
(-0.00507883351 -0.01840944255 0.0114)
(-0.003392018193 -0.01852617788 0.0114)
(-0.001697852399 -0.01859650825 0.0114)
(0 -0.01862 0.0114)
(0.001697852399 -0.01859650825 0.0114)
(0.003392018193 -0.01852617788 0.0114)
(0.00507883351 -0.01840944255 0.0114)
(0.006754679806 -0.01824702212 0.0114)
(0.008416006173 -0.01803991813 0.0114)
(0.01005935124 -0.01778940767 0.0114)
(0.01168136452 -0.01749703549 0.0114)
(0.01327882706 -0.01716460449 0.0114)
(0.01484867131 -0.01679416456 0.0114)
(0.016388 -0.016388 0.0114)
(-0.015462 -0.015462 0.0114)
(-0.01402356058 -0.01590201161 0.0114)
(-0.01255206265 -0.01630332153 0.0114)
(-0.0110506449 -0.01666345512 0.0114)
(-0.009522630511 -0.01698019164 0.0114)
(-0.007971506687 -0.01725157797 0.0114)
(-0.006400903123 -0.01747594063 0.0114)
(-0.004814569636 -0.0176518961 0.0114)
(-0.003216353042 -0.01777835936 0.0114)
(-0.001610173432 -0.01785455061 0.0114)
(0 -0.01788 0.0114)
(0.001610173432 -0.01785455061 0.0114)
(0.003216353042 -0.01777835936 0.0114)
(0.004814569636 -0.0176518961 0.0114)
(0.006400903123 -0.01747594063 0.0114)
(0.007971506687 -0.01725157797 0.0114)
(0.009522630511 -0.01698019164 0.0114)
(0.0110506449 -0.01666345512 0.0114)
(0.01255206265 -0.01630332153 0.0114)
(0.01402356058 -0.01590201161 0.0114)
(0.015462 -0.015462 0.0114)
(-0.014536 -0.014536 0.0114)
(-0.01319844986 -0.01500985866 0.0114)
(-0.01182529824 -0.01544203857 0.0114)
(-0.01041992527 -0.01582987474 0.0114)
(-0.008985909782 -0.01617097561 0.0114)
(-0.007527007202 -0.01646323781 0.0114)
(-0.00604712644 -0.01670485914 0.0114)
(-0.004550305762 -0.01689434964 0.0114)
(-0.003040687892 -0.01703054085 0.0114)
(-0.001522494465 -0.01711259296 0.0114)
(0 -0.01714 0.0114)
(0.001522494465 -0.01711259296 0.0114)
(0.003040687892 -0.01703054085 0.0114)
(0.004550305762 -0.01689434964 0.0114)
(0.00604712644 -0.01670485914 0.0114)
(0.007527007202 -0.01646323781 0.0114)
(0.008985909782 -0.01617097561 0.0114)
(0.01041992527 -0.01582987474 0.0114)
(0.01182529824 -0.01544203857 0.0114)
(0.01319844986 -0.01500985866 0.0114)
(0.014536 -0.014536 0.0114)
(-0.01361 -0.01361 0.0114)
(-0.01237333913 -0.0141177057 0.0114)
(-0.01109853383 -0.01458075561 0.0114)
(-0.009789205652 -0.01499629437 0.0114)
(-0.008449189052 -0.01536175959 0.0114)
(-0.007082507716 -0.01567489766 0.0114)
(-0.005693349757 -0.01593377765 0.0114)
(-0.004286041888 -0.01613680319 0.0114)
(-0.002865022741 -0.01628272234 0.0114)
(-0.001434815499 -0.01637063532 0.0114)
(0 -0.0164 0.0114)
(0.001434815499 -0.01637063532 0.0114)
(0.002865022741 -0.01628272234 0.0114)
(0.004286041888 -0.01613680319 0.0114)
(0.005693349757 -0.01593377765 0.0114)
(0.007082507716 -0.01567489766 0.0114)
(0.008449189052 -0.01536175959 0.0114)
(0.009789205652 -0.01499629437 0.0114)
(0.01109853383 -0.01458075561 0.0114)
(0.01237333913 -0.0141177057 0.0114)
(0.01361 -0.01361 0.0114)
(-0.012684 -0.012684 0.0114)
(-0.01154822841 -0.01322555275 0.0114)
(-0.01037176942 -0.01371947265 0.0114)
(-0.009158486028 -0.01416271399 0.0114)
(-0.007912468322 -0.01455254356 0.0114)
(-0.00663800823 -0.0148865575 0.0114)
(-0.005339573074 -0.01516269616 0.0114)
(-0.004021778014 -0.01537925673 0.0114)
(-0.002689357591 -0.01553490383 0.0114)
(-0.001347136532 -0.01562867767 0.0114)
(0 -0.01566 0.0114)
(0.001347136532 -0.01562867767 0.0114)
(0.002689357591 -0.01553490383 0.0114)
(0.004021778014 -0.01537925673 0.0114)
(0.005339573074 -0.01516269616 0.0114)
(0.00663800823 -0.0148865575 0.0114)
(0.007912468322 -0.01455254356 0.0114)
(0.009158486028 -0.01416271399 0.0114)
(0.01037176942 -0.01371947265 0.0114)
(0.01154822841 -0.01322555275 0.0114)
(0.012684 -0.012684 0.0114)
(-0.011758 -0.011758 0.0114)
(-0.01072311769 -0.0123333998 0.0114)
(-0.009645005006 -0.01285818969 0.0114)
(-0.008527766405 -0.01332913362 0.0114)
(-0.007375747592 -0.01374332753 0.0114)
(-0.006193508745 -0.01409821735 0.0114)
(-0.004985796392 -0.01439161467 0.0114)
(-0.00375751414 -0.01462171028 0.0114)
(-0.00251369244 -0.01478708532 0.0114)
(-0.001259457565 -0.01488672003 0.0114)
(0 -0.01492 0.0114)
(0.001259457565 -0.01488672003 0.0114)
(0.00251369244 -0.01478708532 0.0114)
(0.00375751414 -0.01462171028 0.0114)
(0.004985796392 -0.01439161467 0.0114)
(0.006193508745 -0.01409821735 0.0114)
(0.007375747592 -0.01374332753 0.0114)
(0.008527766405 -0.01332913362 0.0114)
(0.009645005006 -0.01285818969 0.0114)
(0.01072311769 -0.0123333998 0.0114)
(0.011758 -0.011758 0.0114)
(-0.010832 -0.010832 0.0114)
(-0.009898006961 -0.01144124685 0.0114)
(-0.008918240595 -0.01199690674 0.0114)
(-0.007897046782 -0.01249555324 0.0114)
(-0.006839026862 -0.0129341115 0.0114)
(-0.005749009259 -0.01330987719 0.0114)
(-0.004632019709 -0.01362053318 0.0114)
(-0.003493250266 -0.01386416383 0.0114)
(-0.002338027289 -0.01403926681 0.0114)
(-0.001171778598 -0.01414476238 0.0114)
(0 -0.01418 0.0114)
(0.001171778598 -0.01414476238 0.0114)
(0.002338027289 -0.01403926681 0.0114)
(0.003493250266 -0.01386416383 0.0114)
(0.004632019709 -0.01362053318 0.0114)
(0.005749009259 -0.01330987719 0.0114)
(0.006839026862 -0.0129341115 0.0114)
(0.007897046782 -0.01249555324 0.0114)
(0.008918240595 -0.01199690674 0.0114)
(0.009898006961 -0.01144124685 0.0114)
(0.010832 -0.010832 0.0114)
(-0.009906 -0.009906 0.0114)
(-0.009072896236 -0.01054909389 0.0114)
(-0.008191476183 -0.01113562378 0.0114)
(-0.007266327159 -0.01166197287 0.0114)
(-0.006302306132 -0.01212489548 0.0114)
(-0.005304509774 -0.01252153703 0.0114)
(-0.004278243026 -0.01284945168 0.0114)
(-0.003228986392 -0.01310661737 0.0114)
(-0.002162362139 -0.0132914483 0.0114)
(-0.001084099632 -0.01340280474 0.0114)
(0 -0.01344 0.0114)
(0.001084099632 -0.01340280474 0.0114)
(0.002162362139 -0.0132914483 0.0114)
(0.003228986392 -0.01310661737 0.0114)
(0.004278243026 -0.01284945168 0.0114)
(0.005304509774 -0.01252153703 0.0114)
(0.006302306132 -0.01212489548 0.0114)
(0.007266327159 -0.01166197287 0.0114)
(0.008191476183 -0.01113562378 0.0114)
(0.009072896236 -0.01054909389 0.0114)
(0.009906 -0.009906 0.0114)
(-0.00898 -0.00898 0.0114)
(-0.008247785512 -0.009656940939 0.0114)
(-0.007464711772 -0.01027434082 0.0114)
(-0.006635607535 -0.01082839249 0.0114)
(-0.005765585402 -0.01131567945 0.0114)
(-0.004860010288 -0.01173319688 0.0114)
(-0.003924466343 -0.01207837019 0.0114)
(-0.002964722517 -0.01234907092 0.0114)
(-0.001986696988 -0.01254362979 0.0114)
(-0.0009964206648 -0.01266084709 0.0114)
(0 -0.0127 0.0114)
(0.0009964206648 -0.01266084709 0.0114)
(0.001986696988 -0.01254362979 0.0114)
(0.002964722517 -0.01234907092 0.0114)
(0.003924466343 -0.01207837019 0.0114)
(0.004860010288 -0.01173319688 0.0114)
(0.005765585402 -0.01131567945 0.0114)
(0.006635607535 -0.01082839249 0.0114)
(0.007464711772 -0.01027434082 0.0114)
(0.008247785512 -0.009656940939 0.0114)
(0.00898 -0.00898 0.0114)
(0.0275 -0.02475 0)
(0.0275 -0.022 0)
(0.0275 -0.01925 0)
(0.0275 -0.0165 0)
(0.0275 -0.01375 0)
(0.0275 -0.011 0)
(0.0275 -0.00825 0)
(0.0275 -0.0055 0)
(0.0275 -0.00275 0)
(0.0275 0 0)
(0.0275 0.00275 0)
(0.0275 0.0055 0)
(0.0275 0.00825 0)
(0.0275 0.011 0)
(0.0275 0.01375 0)
(0.0275 0.0165 0)
(0.0275 0.01925 0)
(0.0275 0.022 0)
(0.0275 0.02475 0)
(0.0275 0.0275 0)
(0.02660784705 -0.02392488928 0)
(0.02663871704 -0.02127323559 0)
(0.02666641962 -0.01861928038 0)
(0.02669078397 -0.01596327927 0)
(0.02671165984 -0.01330550051 0)
(0.02672891851 -0.01064622332 0)
(0.02674245355 -0.007985736126 0)
(0.02675218149 -0.005324334849 0)
(0.02675804235 -0.002662321033 0)
(0.02676 0 0)
(0.02675804235 0.002662321033 0)
(0.02675218149 0.005324334849 0)
(0.02674245355 0.007985736126 0)
(0.02672891851 0.01064622332 0)
(0.02671165984 0.01330550051 0)
(0.02669078397 0.01596327927 0)
(0.02666641962 0.01861928038 0)
(0.02663871704 0.02127323559 0)
(0.02660784705 0.02392488928 0)
(0.026574 0.026574 0)
(0.02571569409 -0.02309977855 0)
(0.02577743408 -0.02054647118 0)
(0.02583283925 -0.01798856075 0)
(0.02588156794 -0.01542655854 0)
(0.02592331969 -0.01286100103 0)
(0.02595783702 -0.01029244663 0)
(0.02598490709 -0.007721472252 0)
(0.02600436298 -0.005148669699 0)
(0.02601608471 -0.002574642066 0)
(0.02602 0 0)
(0.02601608471 0.002574642066 0)
(0.02600436298 0.005148669699 0)
(0.02598490709 0.007721472252 0)
(0.02595783702 0.01029244663 0)
(0.02592331969 0.01286100103 0)
(0.02588156794 0.01542655854 0)
(0.02583283925 0.01798856075 0)
(0.02577743408 0.02054647118 0)
(0.02571569409 0.02309977855 0)
(0.025648 0.025648 0)
(0.02482354114 -0.02227466783 0)
(0.02491615112 -0.01981970677 0)
(0.02499925887 -0.01735784113 0)
(0.02507235192 -0.01488983781 0)
(0.02513497953 -0.01241650154 0)
(0.02518675553 -0.009938669951 0)
(0.02522736064 -0.007457208378 0)
(0.02525654447 -0.004973004548 0)
(0.02527412706 -0.0024869631 0)
(0.02528 0 0)
(0.02527412706 0.0024869631 0)
(0.02525654447 0.004973004548 0)
(0.02522736064 0.007457208378 0)
(0.02518675553 0.009938669951 0)
(0.02513497953 0.01241650154 0)
(0.02507235192 0.01488983781 0)
(0.02499925887 0.01735784113 0)
(0.02491615112 0.01981970677 0)
(0.02482354114 0.02227466783 0)
(0.024722 0.024722 0)
(0.02393138819 -0.0214495571 0)
(0.02405486816 -0.01909294235 0)
(0.0241656785 -0.01672712151 0)
(0.02426313589 -0.01435311708 0)
(0.02434663938 -0.01197200206 0)
(0.02441567404 -0.009584893269 0)
(0.02446981418 -0.007192944503 0)
(0.02450872596 -0.004797339398 0)
(0.02453216942 -0.002399284133 0)
(0.02454 0 0)
(0.02453216942 0.002399284133 0)
(0.02450872596 0.004797339398 0)
(0.02446981418 0.007192944503 0)
(0.02441567404 0.009584893269 0)
(0.02434663938 0.01197200206 0)
(0.02426313589 0.01435311708 0)
(0.0241656785 0.01672712151 0)
(0.02405486816 0.01909294235 0)
(0.02393138819 0.0214495571 0)
(0.023796 0.023796 0)
(0.02303923523 -0.02062444638 0)
(0.0231935852 -0.01836617794 0)
(0.02333209812 -0.01609640188 0)
(0.02345391986 -0.01381639635 0)
(0.02355829922 -0.01152750257 0)
(0.02364459255 -0.009231116586 0)
(0.02371226773 -0.006928680629 0)
(0.02376090745 -0.004621674247 0)
(0.02379021177 -0.002311605166 0)
(0.0238 0 0)
(0.02379021177 0.002311605166 0)
(0.02376090745 0.004621674247 0)
(0.02371226773 0.006928680629 0)
(0.02364459255 0.009231116586 0)
(0.02355829922 0.01152750257 0)
(0.02345391986 0.01381639635 0)
(0.02333209812 0.01609640188 0)
(0.0231935852 0.01836617794 0)
(0.02303923523 0.02062444638 0)
(0.02287 0.02287 0)
(0.02214708228 -0.01979933565 0)
(0.02233230225 -0.01763941353 0)
(0.02249851775 -0.01546568226 0)
(0.02264470383 -0.01327967562 0)
(0.02276995906 -0.01108300309 0)
(0.02287351106 -0.008877339903 0)
(0.02295472128 -0.006664416755 0)
(0.02301308894 -0.004446009096 0)
(0.02304825413 -0.002223926199 0)
(0.02306 0 0)
(0.02304825413 0.002223926199 0)
(0.02301308894 0.004446009096 0)
(0.02295472128 0.006664416755 0)
(0.02287351106 0.008877339903 0)
(0.02276995906 0.01108300309 0)
(0.02264470383 0.01327967562 0)
(0.02249851775 0.01546568226 0)
(0.02233230225 0.01763941353 0)
(0.02214708228 0.01979933565 0)
(0.021944 0.021944 0)
(0.02125492933 -0.01897422493 0)
(0.02147101929 -0.01691264912 0)
(0.02166493737 -0.01483496264 0)
(0.02183548781 -0.01274295489 0)
(0.02198161891 -0.0106385036 0)
(0.02210242957 -0.00852356322 0)
(0.02219717482 -0.006400152881 0)
(0.02226527043 -0.004270343946 0)
(0.02230629648 -0.002136247233 0)
(0.02232 0 0)
(0.02230629648 0.002136247233 0)
(0.02226527043 0.004270343946 0)
(0.02219717482 0.006400152881 0)
(0.02210242957 0.00852356322 0)
(0.02198161891 0.0106385036 0)
(0.02183548781 0.01274295489 0)
(0.02166493737 0.01483496264 0)
(0.02147101929 0.01691264912 0)
(0.02125492933 0.01897422493 0)
(0.021018 0.021018 0)
(0.02036277638 -0.0181491142 0)
(0.02060973633 -0.01618588471 0)
(0.020831357 -0.01420424301 0)
(0.02102627178 -0.01220623416 0)
(0.02119327875 -0.01019400412 0)
(0.02133134808 -0.008169786537 0)
(0.02143962837 -0.006135889007 0)
(0.02151745192 -0.004094678795 0)
(0.02156433884 -0.002048568266 0)
(0.02158 0 0)
(0.02156433884 0.002048568266 0)
(0.02151745192 0.004094678795 0)
(0.02143962837 0.006135889007 0)
(0.02133134808 0.008169786537 0)
(0.02119327875 0.01019400412 0)
(0.02102627178 0.01220623416 0)
(0.020831357 0.01420424301 0)
(0.02060973633 0.01618588471 0)
(0.02036277638 0.0181491142 0)
(0.020092 0.020092 0)
(0.01947062342 -0.01732400348 0)
(0.01974845337 -0.0154591203 0)
(0.01999777662 -0.01357352339 0)
(0.02021705575 -0.01166951343 0)
(0.0204049386 -0.00974950463 0)
(0.02056026659 -0.007816009854 0)
(0.02068208191 -0.005871625133 0)
(0.02076963341 -0.003919013645 0)
(0.02082238119 -0.001960889299 0)
(0.02084 0 0)
(0.02082238119 0.001960889299 0)
(0.02076963341 0.003919013645 0)
(0.02068208191 0.005871625133 0)
(0.02056026659 0.007816009854 0)
(0.0204049386 0.00974950463 0)
(0.02021705575 0.01166951343 0)
(0.01999777662 0.01357352339 0)
(0.01974845337 0.0154591203 0)
(0.01947062342 0.01732400348 0)
(0.019166 0.019166 0)
(0.01857847047 -0.01649889276 0)
(0.01888717041 -0.01473235589 0)
(0.01916419625 -0.01294280377 0)
(0.01940783972 -0.0111327927 0)
(0.01961659844 -0.009305005144 0)
(0.0197891851 -0.007462233171 0)
(0.01992453546 -0.005607361259 0)
(0.0200218149 -0.003743348494 0)
(0.02008042354 -0.001873210332 0)
(0.0201 0 0)
(0.02008042354 0.001873210332 0)
(0.0200218149 0.003743348494 0)
(0.01992453546 0.005607361259 0)
(0.0197891851 0.007462233171 0)
(0.01961659844 0.009305005144 0)
(0.01940783972 0.0111327927 0)
(0.01916419625 0.01294280377 0)
(0.01888717041 0.01473235589 0)
(0.01857847047 0.01649889276 0)
(0.01824 0.01824 0)
(0.01768631752 -0.01567378203 0)
(0.01802588745 -0.01400559147 0)
(0.01833061587 -0.01231208414 0)
(0.0185986237 -0.01059607197 0)
(0.01882825828 -0.008860505658 0)
(0.01901810361 -0.007108456489 0)
(0.019166989 -0.005343097385 0)
(0.01927399639 -0.003567683344 0)
(0.0193384659 -0.001785531366 0)
(0.01936 0 0)
(0.0193384659 0.001785531366 0)
(0.01927399639 0.003567683344 0)
(0.019166989 0.005343097385 0)
(0.01901810361 0.007108456489 0)
(0.01882825828 0.008860505658 0)
(0.0185986237 0.01059607197 0)
(0.01833061587 0.01231208414 0)
(0.01802588745 0.01400559147 0)
(0.01768631752 0.01567378203 0)
(0.017314 0.017314 0)
(0.01679416456 -0.01484867131 0)
(0.01716460449 -0.01327882706 0)
(0.01749703549 -0.01168136452 0)
(0.01778940767 -0.01005935124 0)
(0.01803991813 -0.008416006173 0)
(0.01824702212 -0.006754679806 0)
(0.01840944255 -0.00507883351 0)
(0.01852617788 -0.003392018193 0)
(0.01859650825 -0.001697852399 0)
(0.01862 0 0)
(0.01859650825 0.001697852399 0)
(0.01852617788 0.003392018193 0)
(0.01840944255 0.00507883351 0)
(0.01824702212 0.006754679806 0)
(0.01803991813 0.008416006173 0)
(0.01778940767 0.01005935124 0)
(0.01749703549 0.01168136452 0)
(0.01716460449 0.01327882706 0)
(0.01679416456 0.01484867131 0)
(0.016388 0.016388 0)
(0.01590201161 -0.01402356058 0)
(0.01630332153 -0.01255206265 0)
(0.01666345512 -0.0110506449 0)
(0.01698019164 -0.009522630511 0)
(0.01725157797 -0.007971506687 0)
(0.01747594063 -0.006400903123 0)
(0.0176518961 -0.004814569636 0)
(0.01777835936 -0.003216353042 0)
(0.01785455061 -0.001610173432 0)
(0.01788 0 0)
(0.01785455061 0.001610173432 0)
(0.01777835936 0.003216353042 0)
(0.0176518961 0.004814569636 0)
(0.01747594063 0.006400903123 0)
(0.01725157797 0.007971506687 0)
(0.01698019164 0.009522630511 0)
(0.01666345512 0.0110506449 0)
(0.01630332153 0.01255206265 0)
(0.01590201161 0.01402356058 0)
(0.015462 0.015462 0)
(0.01500985866 -0.01319844986 0)
(0.01544203857 -0.01182529824 0)
(0.01582987474 -0.01041992527 0)
(0.01617097561 -0.008985909782 0)
(0.01646323781 -0.007527007202 0)
(0.01670485914 -0.00604712644 0)
(0.01689434964 -0.004550305762 0)
(0.01703054085 -0.003040687892 0)
(0.01711259296 -0.001522494465 0)
(0.01714 0 0)
(0.01711259296 0.001522494465 0)
(0.01703054085 0.003040687892 0)
(0.01689434964 0.004550305762 0)
(0.01670485914 0.00604712644 0)
(0.01646323781 0.007527007202 0)
(0.01617097561 0.008985909782 0)
(0.01582987474 0.01041992527 0)
(0.01544203857 0.01182529824 0)
(0.01500985866 0.01319844986 0)
(0.014536 0.014536 0)
(0.0141177057 -0.01237333913 0)
(0.01458075561 -0.01109853383 0)
(0.01499629437 -0.009789205652 0)
(0.01536175959 -0.008449189052 0)
(0.01567489766 -0.007082507716 0)
(0.01593377765 -0.005693349757 0)
(0.01613680319 -0.004286041888 0)
(0.01628272234 -0.002865022741 0)
(0.01637063532 -0.001434815499 0)
(0.0164 0 0)
(0.01637063532 0.001434815499 0)
(0.01628272234 0.002865022741 0)
(0.01613680319 0.004286041888 0)
(0.01593377765 0.005693349757 0)
(0.01567489766 0.007082507716 0)
(0.01536175959 0.008449189052 0)
(0.01499629437 0.009789205652 0)
(0.01458075561 0.01109853383 0)
(0.0141177057 0.01237333913 0)
(0.01361 0.01361 0)
(0.01322555275 -0.01154822841 0)
(0.01371947265 -0.01037176942 0)
(0.01416271399 -0.009158486028 0)
(0.01455254356 -0.007912468322 0)
(0.0148865575 -0.00663800823 0)
(0.01516269616 -0.005339573074 0)
(0.01537925673 -0.004021778014 0)
(0.01553490383 -0.002689357591 0)
(0.01562867767 -0.001347136532 0)
(0.01566 0 0)
(0.01562867767 0.001347136532 0)
(0.01553490383 0.002689357591 0)
(0.01537925673 0.004021778014 0)
(0.01516269616 0.005339573074 0)
(0.0148865575 0.00663800823 0)
(0.01455254356 0.007912468322 0)
(0.01416271399 0.009158486028 0)
(0.01371947265 0.01037176942 0)
(0.01322555275 0.01154822841 0)
(0.012684 0.012684 0)
(0.0123333998 -0.01072311769 0)
(0.01285818969 -0.009645005006 0)
(0.01332913362 -0.008527766405 0)
(0.01374332753 -0.007375747592 0)
(0.01409821735 -0.006193508745 0)
(0.01439161467 -0.004985796392 0)
(0.01462171028 -0.00375751414 0)
(0.01478708532 -0.00251369244 0)
(0.01488672003 -0.001259457565 0)
(0.01492 0 0)
(0.01488672003 0.001259457565 0)
(0.01478708532 0.00251369244 0)
(0.01462171028 0.00375751414 0)
(0.01439161467 0.004985796392 0)
(0.01409821735 0.006193508745 0)
(0.01374332753 0.007375747592 0)
(0.01332913362 0.008527766405 0)
(0.01285818969 0.009645005006 0)
(0.0123333998 0.01072311769 0)
(0.011758 0.011758 0)
(0.01144124685 -0.009898006961 0)
(0.01199690674 -0.008918240595 0)
(0.01249555324 -0.007897046782 0)
(0.0129341115 -0.006839026862 0)
(0.01330987719 -0.005749009259 0)
(0.01362053318 -0.004632019709 0)
(0.01386416383 -0.003493250266 0)
(0.01403926681 -0.002338027289 0)
(0.01414476238 -0.001171778598 0)
(0.01418 0 0)
(0.01414476238 0.001171778598 0)
(0.01403926681 0.002338027289 0)
(0.01386416383 0.003493250266 0)
(0.01362053318 0.004632019709 0)
(0.01330987719 0.005749009259 0)
(0.0129341115 0.006839026862 0)
(0.01249555324 0.007897046782 0)
(0.01199690674 0.008918240595 0)
(0.01144124685 0.009898006961 0)
(0.010832 0.010832 0)
(0.01054909389 -0.009072896236 0)
(0.01113562378 -0.008191476183 0)
(0.01166197287 -0.007266327159 0)
(0.01212489548 -0.006302306132 0)
(0.01252153703 -0.005304509774 0)
(0.01284945168 -0.004278243026 0)
(0.01310661737 -0.003228986392 0)
(0.0132914483 -0.002162362139 0)
(0.01340280474 -0.001084099632 0)
(0.01344 0 0)
(0.01340280474 0.001084099632 0)
(0.0132914483 0.002162362139 0)
(0.01310661737 0.003228986392 0)
(0.01284945168 0.004278243026 0)
(0.01252153703 0.005304509774 0)
(0.01212489548 0.006302306132 0)
(0.01166197287 0.007266327159 0)
(0.01113562378 0.008191476183 0)
(0.01054909389 0.009072896236 0)
(0.009906 0.009906 0)
(0.009656940939 -0.008247785512 0)
(0.01027434082 -0.007464711772 0)
(0.01082839249 -0.006635607535 0)
(0.01131567945 -0.005765585402 0)
(0.01173319688 -0.004860010288 0)
(0.01207837019 -0.003924466343 0)
(0.01234907092 -0.002964722517 0)
(0.01254362979 -0.001986696988 0)
(0.01266084709 -0.0009964206648 0)
(0.0127 0 0)
(0.01266084709 0.0009964206648 0)
(0.01254362979 0.001986696988 0)
(0.01234907092 0.002964722517 0)
(0.01207837019 0.003924466343 0)
(0.01173319688 0.004860010288 0)
(0.01131567945 0.005765585402 0)
(0.01082839249 0.006635607535 0)
(0.01027434082 0.007464711772 0)
(0.009656940939 0.008247785512 0)
(0.00898 0.00898 0)
(0.0275 -0.02475 0.0114)
(0.0275 -0.022 0.0114)
(0.0275 -0.01925 0.0114)
(0.0275 -0.0165 0.0114)
(0.0275 -0.01375 0.0114)
(0.0275 -0.011 0.0114)
(0.0275 -0.00825 0.0114)
(0.0275 -0.0055 0.0114)
(0.0275 -0.00275 0.0114)
(0.0275 0 0.0114)
(0.0275 0.00275 0.0114)
(0.0275 0.0055 0.0114)
(0.0275 0.00825 0.0114)
(0.0275 0.011 0.0114)
(0.0275 0.01375 0.0114)
(0.0275 0.0165 0.0114)
(0.0275 0.01925 0.0114)
(0.0275 0.022 0.0114)
(0.0275 0.02475 0.0114)
(0.0275 0.0275 0.0114)
(0.02660784705 -0.02392488928 0.0114)
(0.02663871704 -0.02127323559 0.0114)
(0.02666641962 -0.01861928038 0.0114)
(0.02669078397 -0.01596327927 0.0114)
(0.02671165984 -0.01330550051 0.0114)
(0.02672891851 -0.01064622332 0.0114)
(0.02674245355 -0.007985736126 0.0114)
(0.02675218149 -0.005324334849 0.0114)
(0.02675804235 -0.002662321033 0.0114)
(0.02676 0 0.0114)
(0.02675804235 0.002662321033 0.0114)
(0.02675218149 0.005324334849 0.0114)
(0.02674245355 0.007985736126 0.0114)
(0.02672891851 0.01064622332 0.0114)
(0.02671165984 0.01330550051 0.0114)
(0.02669078397 0.01596327927 0.0114)
(0.02666641962 0.01861928038 0.0114)
(0.02663871704 0.02127323559 0.0114)
(0.02660784705 0.02392488928 0.0114)
(0.026574 0.026574 0.0114)
(0.02571569409 -0.02309977855 0.0114)
(0.02577743408 -0.02054647118 0.0114)
(0.02583283925 -0.01798856075 0.0114)
(0.02588156794 -0.01542655854 0.0114)
(0.02592331969 -0.01286100103 0.0114)
(0.02595783702 -0.01029244663 0.0114)
(0.02598490709 -0.007721472252 0.0114)
(0.02600436298 -0.005148669699 0.0114)
(0.02601608471 -0.002574642066 0.0114)
(0.02602 0 0.0114)
(0.02601608471 0.002574642066 0.0114)
(0.02600436298 0.005148669699 0.0114)
(0.02598490709 0.007721472252 0.0114)
(0.02595783702 0.01029244663 0.0114)
(0.02592331969 0.01286100103 0.0114)
(0.02588156794 0.01542655854 0.0114)
(0.02583283925 0.01798856075 0.0114)
(0.02577743408 0.02054647118 0.0114)
(0.02571569409 0.02309977855 0.0114)
(0.025648 0.025648 0.0114)
(0.02482354114 -0.02227466783 0.0114)
(0.02491615112 -0.01981970677 0.0114)
(0.02499925887 -0.01735784113 0.0114)
(0.02507235192 -0.01488983781 0.0114)
(0.02513497953 -0.01241650154 0.0114)
(0.02518675553 -0.009938669951 0.0114)
(0.02522736064 -0.007457208378 0.0114)
(0.02525654447 -0.004973004548 0.0114)
(0.02527412706 -0.0024869631 0.0114)
(0.02528 0 0.0114)
(0.02527412706 0.0024869631 0.0114)
(0.02525654447 0.004973004548 0.0114)
(0.02522736064 0.007457208378 0.0114)
(0.02518675553 0.009938669951 0.0114)
(0.02513497953 0.01241650154 0.0114)
(0.02507235192 0.01488983781 0.0114)
(0.02499925887 0.01735784113 0.0114)
(0.02491615112 0.01981970677 0.0114)
(0.02482354114 0.02227466783 0.0114)
(0.024722 0.024722 0.0114)
(0.02393138819 -0.0214495571 0.0114)
(0.02405486816 -0.01909294235 0.0114)
(0.0241656785 -0.01672712151 0.0114)
(0.02426313589 -0.01435311708 0.0114)
(0.02434663938 -0.01197200206 0.0114)
(0.02441567404 -0.009584893269 0.0114)
(0.02446981418 -0.007192944503 0.0114)
(0.02450872596 -0.004797339398 0.0114)
(0.02453216942 -0.002399284133 0.0114)
(0.02454 0 0.0114)
(0.02453216942 0.002399284133 0.0114)
(0.02450872596 0.004797339398 0.0114)
(0.02446981418 0.007192944503 0.0114)
(0.02441567404 0.009584893269 0.0114)
(0.02434663938 0.01197200206 0.0114)
(0.02426313589 0.01435311708 0.0114)
(0.0241656785 0.01672712151 0.0114)
(0.02405486816 0.01909294235 0.0114)
(0.02393138819 0.0214495571 0.0114)
(0.023796 0.023796 0.0114)
(0.02303923523 -0.02062444638 0.0114)
(0.0231935852 -0.01836617794 0.0114)
(0.02333209812 -0.01609640188 0.0114)
(0.02345391986 -0.01381639635 0.0114)
(0.02355829922 -0.01152750257 0.0114)
(0.02364459255 -0.009231116586 0.0114)
(0.02371226773 -0.006928680629 0.0114)
(0.02376090745 -0.004621674247 0.0114)
(0.02379021177 -0.002311605166 0.0114)
(0.0238 0 0.0114)
(0.02379021177 0.002311605166 0.0114)
(0.02376090745 0.004621674247 0.0114)
(0.02371226773 0.006928680629 0.0114)
(0.02364459255 0.009231116586 0.0114)
(0.02355829922 0.01152750257 0.0114)
(0.02345391986 0.01381639635 0.0114)
(0.02333209812 0.01609640188 0.0114)
(0.0231935852 0.01836617794 0.0114)
(0.02303923523 0.02062444638 0.0114)
(0.02287 0.02287 0.0114)
(0.02214708228 -0.01979933565 0.0114)
(0.02233230225 -0.01763941353 0.0114)
(0.02249851775 -0.01546568226 0.0114)
(0.02264470383 -0.01327967562 0.0114)
(0.02276995906 -0.01108300309 0.0114)
(0.02287351106 -0.008877339903 0.0114)
(0.02295472128 -0.006664416755 0.0114)
(0.02301308894 -0.004446009096 0.0114)
(0.02304825413 -0.002223926199 0.0114)
(0.02306 0 0.0114)
(0.02304825413 0.002223926199 0.0114)
(0.02301308894 0.004446009096 0.0114)
(0.02295472128 0.006664416755 0.0114)
(0.02287351106 0.008877339903 0.0114)
(0.02276995906 0.01108300309 0.0114)
(0.02264470383 0.01327967562 0.0114)
(0.02249851775 0.01546568226 0.0114)
(0.02233230225 0.01763941353 0.0114)
(0.02214708228 0.01979933565 0.0114)
(0.021944 0.021944 0.0114)
(0.02125492933 -0.01897422493 0.0114)
(0.02147101929 -0.01691264912 0.0114)
(0.02166493737 -0.01483496264 0.0114)
(0.02183548781 -0.01274295489 0.0114)
(0.02198161891 -0.0106385036 0.0114)
(0.02210242957 -0.00852356322 0.0114)
(0.02219717482 -0.006400152881 0.0114)
(0.02226527043 -0.004270343946 0.0114)
(0.02230629648 -0.002136247233 0.0114)
(0.02232 0 0.0114)
(0.02230629648 0.002136247233 0.0114)
(0.02226527043 0.004270343946 0.0114)
(0.02219717482 0.006400152881 0.0114)
(0.02210242957 0.00852356322 0.0114)
(0.02198161891 0.0106385036 0.0114)
(0.02183548781 0.01274295489 0.0114)
(0.02166493737 0.01483496264 0.0114)
(0.02147101929 0.01691264912 0.0114)
(0.02125492933 0.01897422493 0.0114)
(0.021018 0.021018 0.0114)
(0.02036277638 -0.0181491142 0.0114)
(0.02060973633 -0.01618588471 0.0114)
(0.020831357 -0.01420424301 0.0114)
(0.02102627178 -0.01220623416 0.0114)
(0.02119327875 -0.01019400412 0.0114)
(0.02133134808 -0.008169786537 0.0114)
(0.02143962837 -0.006135889007 0.0114)
(0.02151745192 -0.004094678795 0.0114)
(0.02156433884 -0.002048568266 0.0114)
(0.02158 0 0.0114)
(0.02156433884 0.002048568266 0.0114)
(0.02151745192 0.004094678795 0.0114)
(0.02143962837 0.006135889007 0.0114)
(0.02133134808 0.008169786537 0.0114)
(0.02119327875 0.01019400412 0.0114)
(0.02102627178 0.01220623416 0.0114)
(0.020831357 0.01420424301 0.0114)
(0.02060973633 0.01618588471 0.0114)
(0.02036277638 0.0181491142 0.0114)
(0.020092 0.020092 0.0114)
(0.01947062342 -0.01732400348 0.0114)
(0.01974845337 -0.0154591203 0.0114)
(0.01999777662 -0.01357352339 0.0114)
(0.02021705575 -0.01166951343 0.0114)
(0.0204049386 -0.00974950463 0.0114)
(0.02056026659 -0.007816009854 0.0114)
(0.02068208191 -0.005871625133 0.0114)
(0.02076963341 -0.003919013645 0.0114)
(0.02082238119 -0.001960889299 0.0114)
(0.02084 0 0.0114)
(0.02082238119 0.001960889299 0.0114)
(0.02076963341 0.003919013645 0.0114)
(0.02068208191 0.005871625133 0.0114)
(0.02056026659 0.007816009854 0.0114)
(0.0204049386 0.00974950463 0.0114)
(0.02021705575 0.01166951343 0.0114)
(0.01999777662 0.01357352339 0.0114)
(0.01974845337 0.0154591203 0.0114)
(0.01947062342 0.01732400348 0.0114)
(0.019166 0.019166 0.0114)
(0.01857847047 -0.01649889276 0.0114)
(0.01888717041 -0.01473235589 0.0114)
(0.01916419625 -0.01294280377 0.0114)
(0.01940783972 -0.0111327927 0.0114)
(0.01961659844 -0.009305005144 0.0114)
(0.0197891851 -0.007462233171 0.0114)
(0.01992453546 -0.005607361259 0.0114)
(0.0200218149 -0.003743348494 0.0114)
(0.02008042354 -0.001873210332 0.0114)
(0.0201 0 0.0114)
(0.02008042354 0.001873210332 0.0114)
(0.0200218149 0.003743348494 0.0114)
(0.01992453546 0.005607361259 0.0114)
(0.0197891851 0.007462233171 0.0114)
(0.01961659844 0.009305005144 0.0114)
(0.01940783972 0.0111327927 0.0114)
(0.01916419625 0.01294280377 0.0114)
(0.01888717041 0.01473235589 0.0114)
(0.01857847047 0.01649889276 0.0114)
(0.01824 0.01824 0.0114)
(0.01768631752 -0.01567378203 0.0114)
(0.01802588745 -0.01400559147 0.0114)
(0.01833061587 -0.01231208414 0.0114)
(0.0185986237 -0.01059607197 0.0114)
(0.01882825828 -0.008860505658 0.0114)
(0.01901810361 -0.007108456489 0.0114)
(0.019166989 -0.005343097385 0.0114)
(0.01927399639 -0.003567683344 0.0114)
(0.0193384659 -0.001785531366 0.0114)
(0.01936 0 0.0114)
(0.0193384659 0.001785531366 0.0114)
(0.01927399639 0.003567683344 0.0114)
(0.019166989 0.005343097385 0.0114)
(0.01901810361 0.007108456489 0.0114)
(0.01882825828 0.008860505658 0.0114)
(0.0185986237 0.01059607197 0.0114)
(0.01833061587 0.01231208414 0.0114)
(0.01802588745 0.01400559147 0.0114)
(0.01768631752 0.01567378203 0.0114)
(0.017314 0.017314 0.0114)
(0.01679416456 -0.01484867131 0.0114)
(0.01716460449 -0.01327882706 0.0114)
(0.01749703549 -0.01168136452 0.0114)
(0.01778940767 -0.01005935124 0.0114)
(0.01803991813 -0.008416006173 0.0114)
(0.01824702212 -0.006754679806 0.0114)
(0.01840944255 -0.00507883351 0.0114)
(0.01852617788 -0.003392018193 0.0114)
(0.01859650825 -0.001697852399 0.0114)
(0.01862 0 0.0114)
(0.01859650825 0.001697852399 0.0114)
(0.01852617788 0.003392018193 0.0114)
(0.01840944255 0.00507883351 0.0114)
(0.01824702212 0.006754679806 0.0114)
(0.01803991813 0.008416006173 0.0114)
(0.01778940767 0.01005935124 0.0114)
(0.01749703549 0.01168136452 0.0114)
(0.01716460449 0.01327882706 0.0114)
(0.01679416456 0.01484867131 0.0114)
(0.016388 0.016388 0.0114)
(0.01590201161 -0.01402356058 0.0114)
(0.01630332153 -0.01255206265 0.0114)
(0.01666345512 -0.0110506449 0.0114)
(0.01698019164 -0.009522630511 0.0114)
(0.01725157797 -0.007971506687 0.0114)
(0.01747594063 -0.006400903123 0.0114)
(0.0176518961 -0.004814569636 0.0114)
(0.01777835936 -0.003216353042 0.0114)
(0.01785455061 -0.001610173432 0.0114)
(0.01788 0 0.0114)
(0.01785455061 0.001610173432 0.0114)
(0.01777835936 0.003216353042 0.0114)
(0.0176518961 0.004814569636 0.0114)
(0.01747594063 0.006400903123 0.0114)
(0.01725157797 0.007971506687 0.0114)
(0.01698019164 0.009522630511 0.0114)
(0.01666345512 0.0110506449 0.0114)
(0.01630332153 0.01255206265 0.0114)
(0.01590201161 0.01402356058 0.0114)
(0.015462 0.015462 0.0114)
(0.01500985866 -0.01319844986 0.0114)
(0.01544203857 -0.01182529824 0.0114)
(0.01582987474 -0.01041992527 0.0114)
(0.01617097561 -0.008985909782 0.0114)
(0.01646323781 -0.007527007202 0.0114)
(0.01670485914 -0.00604712644 0.0114)
(0.01689434964 -0.004550305762 0.0114)
(0.01703054085 -0.003040687892 0.0114)
(0.01711259296 -0.001522494465 0.0114)
(0.01714 0 0.0114)
(0.01711259296 0.001522494465 0.0114)
(0.01703054085 0.003040687892 0.0114)
(0.01689434964 0.004550305762 0.0114)
(0.01670485914 0.00604712644 0.0114)
(0.01646323781 0.007527007202 0.0114)
(0.01617097561 0.008985909782 0.0114)
(0.01582987474 0.01041992527 0.0114)
(0.01544203857 0.01182529824 0.0114)
(0.01500985866 0.01319844986 0.0114)
(0.014536 0.014536 0.0114)
(0.0141177057 -0.01237333913 0.0114)
(0.01458075561 -0.01109853383 0.0114)
(0.01499629437 -0.009789205652 0.0114)
(0.01536175959 -0.008449189052 0.0114)
(0.01567489766 -0.007082507716 0.0114)
(0.01593377765 -0.005693349757 0.0114)
(0.01613680319 -0.004286041888 0.0114)
(0.01628272234 -0.002865022741 0.0114)
(0.01637063532 -0.001434815499 0.0114)
(0.0164 0 0.0114)
(0.01637063532 0.001434815499 0.0114)
(0.01628272234 0.002865022741 0.0114)
(0.01613680319 0.004286041888 0.0114)
(0.01593377765 0.005693349757 0.0114)
(0.01567489766 0.007082507716 0.0114)
(0.01536175959 0.008449189052 0.0114)
(0.01499629437 0.009789205652 0.0114)
(0.01458075561 0.01109853383 0.0114)
(0.0141177057 0.01237333913 0.0114)
(0.01361 0.01361 0.0114)
(0.01322555275 -0.01154822841 0.0114)
(0.01371947265 -0.01037176942 0.0114)
(0.01416271399 -0.009158486028 0.0114)
(0.01455254356 -0.007912468322 0.0114)
(0.0148865575 -0.00663800823 0.0114)
(0.01516269616 -0.005339573074 0.0114)
(0.01537925673 -0.004021778014 0.0114)
(0.01553490383 -0.002689357591 0.0114)
(0.01562867767 -0.001347136532 0.0114)
(0.01566 0 0.0114)
(0.01562867767 0.001347136532 0.0114)
(0.01553490383 0.002689357591 0.0114)
(0.01537925673 0.004021778014 0.0114)
(0.01516269616 0.005339573074 0.0114)
(0.0148865575 0.00663800823 0.0114)
(0.01455254356 0.007912468322 0.0114)
(0.01416271399 0.009158486028 0.0114)
(0.01371947265 0.01037176942 0.0114)
(0.01322555275 0.01154822841 0.0114)
(0.012684 0.012684 0.0114)
(0.0123333998 -0.01072311769 0.0114)
(0.01285818969 -0.009645005006 0.0114)
(0.01332913362 -0.008527766405 0.0114)
(0.01374332753 -0.007375747592 0.0114)
(0.01409821735 -0.006193508745 0.0114)
(0.01439161467 -0.004985796392 0.0114)
(0.01462171028 -0.00375751414 0.0114)
(0.01478708532 -0.00251369244 0.0114)
(0.01488672003 -0.001259457565 0.0114)
(0.01492 0 0.0114)
(0.01488672003 0.001259457565 0.0114)
(0.01478708532 0.00251369244 0.0114)
(0.01462171028 0.00375751414 0.0114)
(0.01439161467 0.004985796392 0.0114)
(0.01409821735 0.006193508745 0.0114)
(0.01374332753 0.007375747592 0.0114)
(0.01332913362 0.008527766405 0.0114)
(0.01285818969 0.009645005006 0.0114)
(0.0123333998 0.01072311769 0.0114)
(0.011758 0.011758 0.0114)
(0.01144124685 -0.009898006961 0.0114)
(0.01199690674 -0.008918240595 0.0114)
(0.01249555324 -0.007897046782 0.0114)
(0.0129341115 -0.006839026862 0.0114)
(0.01330987719 -0.005749009259 0.0114)
(0.01362053318 -0.004632019709 0.0114)
(0.01386416383 -0.003493250266 0.0114)
(0.01403926681 -0.002338027289 0.0114)
(0.01414476238 -0.001171778598 0.0114)
(0.01418 0 0.0114)
(0.01414476238 0.001171778598 0.0114)
(0.01403926681 0.002338027289 0.0114)
(0.01386416383 0.003493250266 0.0114)
(0.01362053318 0.004632019709 0.0114)
(0.01330987719 0.005749009259 0.0114)
(0.0129341115 0.006839026862 0.0114)
(0.01249555324 0.007897046782 0.0114)
(0.01199690674 0.008918240595 0.0114)
(0.01144124685 0.009898006961 0.0114)
(0.010832 0.010832 0.0114)
(0.01054909389 -0.009072896236 0.0114)
(0.01113562378 -0.008191476183 0.0114)
(0.01166197287 -0.007266327159 0.0114)
(0.01212489548 -0.006302306132 0.0114)
(0.01252153703 -0.005304509774 0.0114)
(0.01284945168 -0.004278243026 0.0114)
(0.01310661737 -0.003228986392 0.0114)
(0.0132914483 -0.002162362139 0.0114)
(0.01340280474 -0.001084099632 0.0114)
(0.01344 0 0.0114)
(0.01340280474 0.001084099632 0.0114)
(0.0132914483 0.002162362139 0.0114)
(0.01310661737 0.003228986392 0.0114)
(0.01284945168 0.004278243026 0.0114)
(0.01252153703 0.005304509774 0.0114)
(0.01212489548 0.006302306132 0.0114)
(0.01166197287 0.007266327159 0.0114)
(0.01113562378 0.008191476183 0.0114)
(0.01054909389 0.009072896236 0.0114)
(0.009906 0.009906 0.0114)
(0.009656940939 -0.008247785512 0.0114)
(0.01027434082 -0.007464711772 0.0114)
(0.01082839249 -0.006635607535 0.0114)
(0.01131567945 -0.005765585402 0.0114)
(0.01173319688 -0.004860010288 0.0114)
(0.01207837019 -0.003924466343 0.0114)
(0.01234907092 -0.002964722517 0.0114)
(0.01254362979 -0.001986696988 0.0114)
(0.01266084709 -0.0009964206648 0.0114)
(0.0127 0 0.0114)
(0.01266084709 0.0009964206648 0.0114)
(0.01254362979 0.001986696988 0.0114)
(0.01234907092 0.002964722517 0.0114)
(0.01207837019 0.003924466343 0.0114)
(0.01173319688 0.004860010288 0.0114)
(0.01131567945 0.005765585402 0.0114)
(0.01082839249 0.006635607535 0.0114)
(0.01027434082 0.007464711772 0.0114)
(0.009656940939 0.008247785512 0.0114)
(0.00898 0.00898 0.0114)
(-0.0275 0.0275 0)
(-0.026574 0.026574 0)
(-0.025648 0.025648 0)
(-0.024722 0.024722 0)
(-0.023796 0.023796 0)
(-0.02287 0.02287 0)
(-0.021944 0.021944 0)
(-0.021018 0.021018 0)
(-0.020092 0.020092 0)
(-0.019166 0.019166 0)
(-0.01824 0.01824 0)
(-0.017314 0.017314 0)
(-0.016388 0.016388 0)
(-0.015462 0.015462 0)
(-0.014536 0.014536 0)
(-0.01361 0.01361 0)
(-0.012684 0.012684 0)
(-0.011758 0.011758 0)
(-0.010832 0.010832 0)
(-0.009906 0.009906 0)
(-0.00898 0.00898 0)
(-0.02475 0.0275 0)
(-0.02392488928 0.02660784705 0)
(-0.02309977855 0.02571569409 0)
(-0.02227466783 0.02482354114 0)
(-0.0214495571 0.02393138819 0)
(-0.02062444638 0.02303923523 0)
(-0.01979933565 0.02214708228 0)
(-0.01897422493 0.02125492933 0)
(-0.0181491142 0.02036277638 0)
(-0.01732400348 0.01947062342 0)
(-0.01649889276 0.01857847047 0)
(-0.01567378203 0.01768631752 0)
(-0.01484867131 0.01679416456 0)
(-0.01402356058 0.01590201161 0)
(-0.01319844986 0.01500985866 0)
(-0.01237333913 0.0141177057 0)
(-0.01154822841 0.01322555275 0)
(-0.01072311769 0.0123333998 0)
(-0.009898006961 0.01144124685 0)
(-0.009072896236 0.01054909389 0)
(-0.008247785512 0.009656940939 0)
(-0.022 0.0275 0)
(-0.02127323559 0.02663871704 0)
(-0.02054647118 0.02577743408 0)
(-0.01981970677 0.02491615112 0)
(-0.01909294235 0.02405486816 0)
(-0.01836617794 0.0231935852 0)
(-0.01763941353 0.02233230225 0)
(-0.01691264912 0.02147101929 0)
(-0.01618588471 0.02060973633 0)
(-0.0154591203 0.01974845337 0)
(-0.01473235589 0.01888717041 0)
(-0.01400559147 0.01802588745 0)
(-0.01327882706 0.01716460449 0)
(-0.01255206265 0.01630332153 0)
(-0.01182529824 0.01544203857 0)
(-0.01109853383 0.01458075561 0)
(-0.01037176942 0.01371947265 0)
(-0.009645005006 0.01285818969 0)
(-0.008918240595 0.01199690674 0)
(-0.008191476183 0.01113562378 0)
(-0.007464711772 0.01027434082 0)
(-0.01925 0.0275 0)
(-0.01861928038 0.02666641962 0)
(-0.01798856075 0.02583283925 0)
(-0.01735784113 0.02499925887 0)
(-0.01672712151 0.0241656785 0)
(-0.01609640188 0.02333209812 0)
(-0.01546568226 0.02249851775 0)
(-0.01483496264 0.02166493737 0)
(-0.01420424301 0.020831357 0)
(-0.01357352339 0.01999777662 0)
(-0.01294280377 0.01916419625 0)
(-0.01231208414 0.01833061587 0)
(-0.01168136452 0.01749703549 0)
(-0.0110506449 0.01666345512 0)
(-0.01041992527 0.01582987474 0)
(-0.009789205652 0.01499629437 0)
(-0.009158486028 0.01416271399 0)
(-0.008527766405 0.01332913362 0)
(-0.007897046782 0.01249555324 0)
(-0.007266327159 0.01166197287 0)
(-0.006635607535 0.01082839249 0)
(-0.0165 0.0275 0)
(-0.01596327927 0.02669078397 0)
(-0.01542655854 0.02588156794 0)
(-0.01488983781 0.02507235192 0)
(-0.01435311708 0.02426313589 0)
(-0.01381639635 0.02345391986 0)
(-0.01327967562 0.02264470383 0)
(-0.01274295489 0.02183548781 0)
(-0.01220623416 0.02102627178 0)
(-0.01166951343 0.02021705575 0)
(-0.0111327927 0.01940783972 0)
(-0.01059607197 0.0185986237 0)
(-0.01005935124 0.01778940767 0)
(-0.009522630511 0.01698019164 0)
(-0.008985909782 0.01617097561 0)
(-0.008449189052 0.01536175959 0)
(-0.007912468322 0.01455254356 0)
(-0.007375747592 0.01374332753 0)
(-0.006839026862 0.0129341115 0)
(-0.006302306132 0.01212489548 0)
(-0.005765585402 0.01131567945 0)
(-0.01375 0.0275 0)
(-0.01330550051 0.02671165984 0)
(-0.01286100103 0.02592331969 0)
(-0.01241650154 0.02513497953 0)
(-0.01197200206 0.02434663938 0)
(-0.01152750257 0.02355829922 0)
(-0.01108300309 0.02276995906 0)
(-0.0106385036 0.02198161891 0)
(-0.01019400412 0.02119327875 0)
(-0.00974950463 0.0204049386 0)
(-0.009305005144 0.01961659844 0)
(-0.008860505658 0.01882825828 0)
(-0.008416006173 0.01803991813 0)
(-0.007971506687 0.01725157797 0)
(-0.007527007202 0.01646323781 0)
(-0.007082507716 0.01567489766 0)
(-0.00663800823 0.0148865575 0)
(-0.006193508745 0.01409821735 0)
(-0.005749009259 0.01330987719 0)
(-0.005304509774 0.01252153703 0)
(-0.004860010288 0.01173319688 0)
(-0.011 0.0275 0)
(-0.01064622332 0.02672891851 0)
(-0.01029244663 0.02595783702 0)
(-0.009938669951 0.02518675553 0)
(-0.009584893269 0.02441567404 0)
(-0.009231116586 0.02364459255 0)
(-0.008877339903 0.02287351106 0)
(-0.00852356322 0.02210242957 0)
(-0.008169786537 0.02133134808 0)
(-0.007816009854 0.02056026659 0)
(-0.007462233171 0.0197891851 0)
(-0.007108456489 0.01901810361 0)
(-0.006754679806 0.01824702212 0)
(-0.006400903123 0.01747594063 0)
(-0.00604712644 0.01670485914 0)
(-0.005693349757 0.01593377765 0)
(-0.005339573074 0.01516269616 0)
(-0.004985796392 0.01439161467 0)
(-0.004632019709 0.01362053318 0)
(-0.004278243026 0.01284945168 0)
(-0.003924466343 0.01207837019 0)
(-0.00825 0.0275 0)
(-0.007985736126 0.02674245355 0)
(-0.007721472252 0.02598490709 0)
(-0.007457208378 0.02522736064 0)
(-0.007192944503 0.02446981418 0)
(-0.006928680629 0.02371226773 0)
(-0.006664416755 0.02295472128 0)
(-0.006400152881 0.02219717482 0)
(-0.006135889007 0.02143962837 0)
(-0.005871625133 0.02068208191 0)
(-0.005607361259 0.01992453546 0)
(-0.005343097385 0.019166989 0)
(-0.00507883351 0.01840944255 0)
(-0.004814569636 0.0176518961 0)
(-0.004550305762 0.01689434964 0)
(-0.004286041888 0.01613680319 0)
(-0.004021778014 0.01537925673 0)
(-0.00375751414 0.01462171028 0)
(-0.003493250266 0.01386416383 0)
(-0.003228986392 0.01310661737 0)
(-0.002964722517 0.01234907092 0)
(-0.0055 0.0275 0)
(-0.005324334849 0.02675218149 0)
(-0.005148669699 0.02600436298 0)
(-0.004973004548 0.02525654447 0)
(-0.004797339398 0.02450872596 0)
(-0.004621674247 0.02376090745 0)
(-0.004446009096 0.02301308894 0)
(-0.004270343946 0.02226527043 0)
(-0.004094678795 0.02151745192 0)
(-0.003919013645 0.02076963341 0)
(-0.003743348494 0.0200218149 0)
(-0.003567683344 0.01927399639 0)
(-0.003392018193 0.01852617788 0)
(-0.003216353042 0.01777835936 0)
(-0.003040687892 0.01703054085 0)
(-0.002865022741 0.01628272234 0)
(-0.002689357591 0.01553490383 0)
(-0.00251369244 0.01478708532 0)
(-0.002338027289 0.01403926681 0)
(-0.002162362139 0.0132914483 0)
(-0.001986696988 0.01254362979 0)
(-0.00275 0.0275 0)
(-0.002662321033 0.02675804235 0)
(-0.002574642066 0.02601608471 0)
(-0.0024869631 0.02527412706 0)
(-0.002399284133 0.02453216942 0)
(-0.002311605166 0.02379021177 0)
(-0.002223926199 0.02304825413 0)
(-0.002136247233 0.02230629648 0)
(-0.002048568266 0.02156433884 0)
(-0.001960889299 0.02082238119 0)
(-0.001873210332 0.02008042354 0)
(-0.001785531366 0.0193384659 0)
(-0.001697852399 0.01859650825 0)
(-0.001610173432 0.01785455061 0)
(-0.001522494465 0.01711259296 0)
(-0.001434815499 0.01637063532 0)
(-0.001347136532 0.01562867767 0)
(-0.001259457565 0.01488672003 0)
(-0.001171778598 0.01414476238 0)
(-0.001084099632 0.01340280474 0)
(-0.0009964206648 0.01266084709 0)
(0 0.0275 0)
(0 0.02676 0)
(0 0.02602 0)
(0 0.02528 0)
(0 0.02454 0)
(0 0.0238 0)
(0 0.02306 0)
(0 0.02232 0)
(0 0.02158 0)
(-2.960594732e-19 0.02084 0)
(-2.960594732e-19 0.0201 0)
(-2.960594732e-19 0.01936 0)
(2.960594732e-19 0.01862 0)
(0 0.01788 0)
(0 0.01714 0)
(1.480297366e-19 0.0164 0)
(-1.480297366e-19 0.01566 0)
(0 0.01492 0)
(-7.401486831e-20 0.01418 0)
(-7.401486831e-20 0.01344 0)
(0 0.0127 0)
(0.00275 0.0275 0)
(0.002662321033 0.02675804235 0)
(0.002574642066 0.02601608471 0)
(0.0024869631 0.02527412706 0)
(0.002399284133 0.02453216942 0)
(0.002311605166 0.02379021177 0)
(0.002223926199 0.02304825413 0)
(0.002136247233 0.02230629648 0)
(0.002048568266 0.02156433884 0)
(0.001960889299 0.02082238119 0)
(0.001873210332 0.02008042354 0)
(0.001785531366 0.0193384659 0)
(0.001697852399 0.01859650825 0)
(0.001610173432 0.01785455061 0)
(0.001522494465 0.01711259296 0)
(0.001434815499 0.01637063532 0)
(0.001347136532 0.01562867767 0)
(0.001259457565 0.01488672003 0)
(0.001171778598 0.01414476238 0)
(0.001084099632 0.01340280474 0)
(0.0009964206648 0.01266084709 0)
(0.0055 0.0275 0)
(0.005324334849 0.02675218149 0)
(0.005148669699 0.02600436298 0)
(0.004973004548 0.02525654447 0)
(0.004797339398 0.02450872596 0)
(0.004621674247 0.02376090745 0)
(0.004446009096 0.02301308894 0)
(0.004270343946 0.02226527043 0)
(0.004094678795 0.02151745192 0)
(0.003919013645 0.02076963341 0)
(0.003743348494 0.0200218149 0)
(0.003567683344 0.01927399639 0)
(0.003392018193 0.01852617788 0)
(0.003216353042 0.01777835936 0)
(0.003040687892 0.01703054085 0)
(0.002865022741 0.01628272234 0)
(0.002689357591 0.01553490383 0)
(0.00251369244 0.01478708532 0)
(0.002338027289 0.01403926681 0)
(0.002162362139 0.0132914483 0)
(0.001986696988 0.01254362979 0)
(0.00825 0.0275 0)
(0.007985736126 0.02674245355 0)
(0.007721472252 0.02598490709 0)
(0.007457208378 0.02522736064 0)
(0.007192944503 0.02446981418 0)
(0.006928680629 0.02371226773 0)
(0.006664416755 0.02295472128 0)
(0.006400152881 0.02219717482 0)
(0.006135889007 0.02143962837 0)
(0.005871625133 0.02068208191 0)
(0.005607361259 0.01992453546 0)
(0.005343097385 0.019166989 0)
(0.00507883351 0.01840944255 0)
(0.004814569636 0.0176518961 0)
(0.004550305762 0.01689434964 0)
(0.004286041888 0.01613680319 0)
(0.004021778014 0.01537925673 0)
(0.00375751414 0.01462171028 0)
(0.003493250266 0.01386416383 0)
(0.003228986392 0.01310661737 0)
(0.002964722517 0.01234907092 0)
(0.011 0.0275 0)
(0.01064622332 0.02672891851 0)
(0.01029244663 0.02595783702 0)
(0.009938669951 0.02518675553 0)
(0.009584893269 0.02441567404 0)
(0.009231116586 0.02364459255 0)
(0.008877339903 0.02287351106 0)
(0.00852356322 0.02210242957 0)
(0.008169786537 0.02133134808 0)
(0.007816009854 0.02056026659 0)
(0.007462233171 0.0197891851 0)
(0.007108456489 0.01901810361 0)
(0.006754679806 0.01824702212 0)
(0.006400903123 0.01747594063 0)
(0.00604712644 0.01670485914 0)
(0.005693349757 0.01593377765 0)
(0.005339573074 0.01516269616 0)
(0.004985796392 0.01439161467 0)
(0.004632019709 0.01362053318 0)
(0.004278243026 0.01284945168 0)
(0.003924466343 0.01207837019 0)
(0.01375 0.0275 0)
(0.01330550051 0.02671165984 0)
(0.01286100103 0.02592331969 0)
(0.01241650154 0.02513497953 0)
(0.01197200206 0.02434663938 0)
(0.01152750257 0.02355829922 0)
(0.01108300309 0.02276995906 0)
(0.0106385036 0.02198161891 0)
(0.01019400412 0.02119327875 0)
(0.00974950463 0.0204049386 0)
(0.009305005144 0.01961659844 0)
(0.008860505658 0.01882825828 0)
(0.008416006173 0.01803991813 0)
(0.007971506687 0.01725157797 0)
(0.007527007202 0.01646323781 0)
(0.007082507716 0.01567489766 0)
(0.00663800823 0.0148865575 0)
(0.006193508745 0.01409821735 0)
(0.005749009259 0.01330987719 0)
(0.005304509774 0.01252153703 0)
(0.004860010288 0.01173319688 0)
(0.0165 0.0275 0)
(0.01596327927 0.02669078397 0)
(0.01542655854 0.02588156794 0)
(0.01488983781 0.02507235192 0)
(0.01435311708 0.02426313589 0)
(0.01381639635 0.02345391986 0)
(0.01327967562 0.02264470383 0)
(0.01274295489 0.02183548781 0)
(0.01220623416 0.02102627178 0)
(0.01166951343 0.02021705575 0)
(0.0111327927 0.01940783972 0)
(0.01059607197 0.0185986237 0)
(0.01005935124 0.01778940767 0)
(0.009522630511 0.01698019164 0)
(0.008985909782 0.01617097561 0)
(0.008449189052 0.01536175959 0)
(0.007912468322 0.01455254356 0)
(0.007375747592 0.01374332753 0)
(0.006839026862 0.0129341115 0)
(0.006302306132 0.01212489548 0)
(0.005765585402 0.01131567945 0)
(0.01925 0.0275 0)
(0.01861928038 0.02666641962 0)
(0.01798856075 0.02583283925 0)
(0.01735784113 0.02499925887 0)
(0.01672712151 0.0241656785 0)
(0.01609640188 0.02333209812 0)
(0.01546568226 0.02249851775 0)
(0.01483496264 0.02166493737 0)
(0.01420424301 0.020831357 0)
(0.01357352339 0.01999777662 0)
(0.01294280377 0.01916419625 0)
(0.01231208414 0.01833061587 0)
(0.01168136452 0.01749703549 0)
(0.0110506449 0.01666345512 0)
(0.01041992527 0.01582987474 0)
(0.009789205652 0.01499629437 0)
(0.009158486028 0.01416271399 0)
(0.008527766405 0.01332913362 0)
(0.007897046782 0.01249555324 0)
(0.007266327159 0.01166197287 0)
(0.006635607535 0.01082839249 0)
(0.022 0.0275 0)
(0.02127323559 0.02663871704 0)
(0.02054647118 0.02577743408 0)
(0.01981970677 0.02491615112 0)
(0.01909294235 0.02405486816 0)
(0.01836617794 0.0231935852 0)
(0.01763941353 0.02233230225 0)
(0.01691264912 0.02147101929 0)
(0.01618588471 0.02060973633 0)
(0.0154591203 0.01974845337 0)
(0.01473235589 0.01888717041 0)
(0.01400559147 0.01802588745 0)
(0.01327882706 0.01716460449 0)
(0.01255206265 0.01630332153 0)
(0.01182529824 0.01544203857 0)
(0.01109853383 0.01458075561 0)
(0.01037176942 0.01371947265 0)
(0.009645005006 0.01285818969 0)
(0.008918240595 0.01199690674 0)
(0.008191476183 0.01113562378 0)
(0.007464711772 0.01027434082 0)
(0.02475 0.0275 0)
(0.02392488928 0.02660784705 0)
(0.02309977855 0.02571569409 0)
(0.02227466783 0.02482354114 0)
(0.0214495571 0.02393138819 0)
(0.02062444638 0.02303923523 0)
(0.01979933565 0.02214708228 0)
(0.01897422493 0.02125492933 0)
(0.0181491142 0.02036277638 0)
(0.01732400348 0.01947062342 0)
(0.01649889276 0.01857847047 0)
(0.01567378203 0.01768631752 0)
(0.01484867131 0.01679416456 0)
(0.01402356058 0.01590201161 0)
(0.01319844986 0.01500985866 0)
(0.01237333913 0.0141177057 0)
(0.01154822841 0.01322555275 0)
(0.01072311769 0.0123333998 0)
(0.009898006961 0.01144124685 0)
(0.009072896236 0.01054909389 0)
(0.008247785512 0.009656940939 0)
(-0.0275 0.0275 0.0114)
(-0.026574 0.026574 0.0114)
(-0.025648 0.025648 0.0114)
(-0.024722 0.024722 0.0114)
(-0.023796 0.023796 0.0114)
(-0.02287 0.02287 0.0114)
(-0.021944 0.021944 0.0114)
(-0.021018 0.021018 0.0114)
(-0.020092 0.020092 0.0114)
(-0.019166 0.019166 0.0114)
(-0.01824 0.01824 0.0114)
(-0.017314 0.017314 0.0114)
(-0.016388 0.016388 0.0114)
(-0.015462 0.015462 0.0114)
(-0.014536 0.014536 0.0114)
(-0.01361 0.01361 0.0114)
(-0.012684 0.012684 0.0114)
(-0.011758 0.011758 0.0114)
(-0.010832 0.010832 0.0114)
(-0.009906 0.009906 0.0114)
(-0.00898 0.00898 0.0114)
(-0.02475 0.0275 0.0114)
(-0.02392488928 0.02660784705 0.0114)
(-0.02309977855 0.02571569409 0.0114)
(-0.02227466783 0.02482354114 0.0114)
(-0.0214495571 0.02393138819 0.0114)
(-0.02062444638 0.02303923523 0.0114)
(-0.01979933565 0.02214708228 0.0114)
(-0.01897422493 0.02125492933 0.0114)
(-0.0181491142 0.02036277638 0.0114)
(-0.01732400348 0.01947062342 0.0114)
(-0.01649889276 0.01857847047 0.0114)
(-0.01567378203 0.01768631752 0.0114)
(-0.01484867131 0.01679416456 0.0114)
(-0.01402356058 0.01590201161 0.0114)
(-0.01319844986 0.01500985866 0.0114)
(-0.01237333913 0.0141177057 0.0114)
(-0.01154822841 0.01322555275 0.0114)
(-0.01072311769 0.0123333998 0.0114)
(-0.009898006961 0.01144124685 0.0114)
(-0.009072896236 0.01054909389 0.0114)
(-0.008247785512 0.009656940939 0.0114)
(-0.022 0.0275 0.0114)
(-0.02127323559 0.02663871704 0.0114)
(-0.02054647118 0.02577743408 0.0114)
(-0.01981970677 0.02491615112 0.0114)
(-0.01909294235 0.02405486816 0.0114)
(-0.01836617794 0.0231935852 0.0114)
(-0.01763941353 0.02233230225 0.0114)
(-0.01691264912 0.02147101929 0.0114)
(-0.01618588471 0.02060973633 0.0114)
(-0.0154591203 0.01974845337 0.0114)
(-0.01473235589 0.01888717041 0.0114)
(-0.01400559147 0.01802588745 0.0114)
(-0.01327882706 0.01716460449 0.0114)
(-0.01255206265 0.01630332153 0.0114)
(-0.01182529824 0.01544203857 0.0114)
(-0.01109853383 0.01458075561 0.0114)
(-0.01037176942 0.01371947265 0.0114)
(-0.009645005006 0.01285818969 0.0114)
(-0.008918240595 0.01199690674 0.0114)
(-0.008191476183 0.01113562378 0.0114)
(-0.007464711772 0.01027434082 0.0114)
(-0.01925 0.0275 0.0114)
(-0.01861928038 0.02666641962 0.0114)
(-0.01798856075 0.02583283925 0.0114)
(-0.01735784113 0.02499925887 0.0114)
(-0.01672712151 0.0241656785 0.0114)
(-0.01609640188 0.02333209812 0.0114)
(-0.01546568226 0.02249851775 0.0114)
(-0.01483496264 0.02166493737 0.0114)
(-0.01420424301 0.020831357 0.0114)
(-0.01357352339 0.01999777662 0.0114)
(-0.01294280377 0.01916419625 0.0114)
(-0.01231208414 0.01833061587 0.0114)
(-0.01168136452 0.01749703549 0.0114)
(-0.0110506449 0.01666345512 0.0114)
(-0.01041992527 0.01582987474 0.0114)
(-0.009789205652 0.01499629437 0.0114)
(-0.009158486028 0.01416271399 0.0114)
(-0.008527766405 0.01332913362 0.0114)
(-0.007897046782 0.01249555324 0.0114)
(-0.007266327159 0.01166197287 0.0114)
(-0.006635607535 0.01082839249 0.0114)
(-0.0165 0.0275 0.0114)
(-0.01596327927 0.02669078397 0.0114)
(-0.01542655854 0.02588156794 0.0114)
(-0.01488983781 0.02507235192 0.0114)
(-0.01435311708 0.02426313589 0.0114)
(-0.01381639635 0.02345391986 0.0114)
(-0.01327967562 0.02264470383 0.0114)
(-0.01274295489 0.02183548781 0.0114)
(-0.01220623416 0.02102627178 0.0114)
(-0.01166951343 0.02021705575 0.0114)
(-0.0111327927 0.01940783972 0.0114)
(-0.01059607197 0.0185986237 0.0114)
(-0.01005935124 0.01778940767 0.0114)
(-0.009522630511 0.01698019164 0.0114)
(-0.008985909782 0.01617097561 0.0114)
(-0.008449189052 0.01536175959 0.0114)
(-0.007912468322 0.01455254356 0.0114)
(-0.007375747592 0.01374332753 0.0114)
(-0.006839026862 0.0129341115 0.0114)
(-0.006302306132 0.01212489548 0.0114)
(-0.005765585402 0.01131567945 0.0114)
(-0.01375 0.0275 0.0114)
(-0.01330550051 0.02671165984 0.0114)
(-0.01286100103 0.02592331969 0.0114)
(-0.01241650154 0.02513497953 0.0114)
(-0.01197200206 0.02434663938 0.0114)
(-0.01152750257 0.02355829922 0.0114)
(-0.01108300309 0.02276995906 0.0114)
(-0.0106385036 0.02198161891 0.0114)
(-0.01019400412 0.02119327875 0.0114)
(-0.00974950463 0.0204049386 0.0114)
(-0.009305005144 0.01961659844 0.0114)
(-0.008860505658 0.01882825828 0.0114)
(-0.008416006173 0.01803991813 0.0114)
(-0.007971506687 0.01725157797 0.0114)
(-0.007527007202 0.01646323781 0.0114)
(-0.007082507716 0.01567489766 0.0114)
(-0.00663800823 0.0148865575 0.0114)
(-0.006193508745 0.01409821735 0.0114)
(-0.005749009259 0.01330987719 0.0114)
(-0.005304509774 0.01252153703 0.0114)
(-0.004860010288 0.01173319688 0.0114)
(-0.011 0.0275 0.0114)
(-0.01064622332 0.02672891851 0.0114)
(-0.01029244663 0.02595783702 0.0114)
(-0.009938669951 0.02518675553 0.0114)
(-0.009584893269 0.02441567404 0.0114)
(-0.009231116586 0.02364459255 0.0114)
(-0.008877339903 0.02287351106 0.0114)
(-0.00852356322 0.02210242957 0.0114)
(-0.008169786537 0.02133134808 0.0114)
(-0.007816009854 0.02056026659 0.0114)
(-0.007462233171 0.0197891851 0.0114)
(-0.007108456489 0.01901810361 0.0114)
(-0.006754679806 0.01824702212 0.0114)
(-0.006400903123 0.01747594063 0.0114)
(-0.00604712644 0.01670485914 0.0114)
(-0.005693349757 0.01593377765 0.0114)
(-0.005339573074 0.01516269616 0.0114)
(-0.004985796392 0.01439161467 0.0114)
(-0.004632019709 0.01362053318 0.0114)
(-0.004278243026 0.01284945168 0.0114)
(-0.003924466343 0.01207837019 0.0114)
(-0.00825 0.0275 0.0114)
(-0.007985736126 0.02674245355 0.0114)
(-0.007721472252 0.02598490709 0.0114)
(-0.007457208378 0.02522736064 0.0114)
(-0.007192944503 0.02446981418 0.0114)
(-0.006928680629 0.02371226773 0.0114)
(-0.006664416755 0.02295472128 0.0114)
(-0.006400152881 0.02219717482 0.0114)
(-0.006135889007 0.02143962837 0.0114)
(-0.005871625133 0.02068208191 0.0114)
(-0.005607361259 0.01992453546 0.0114)
(-0.005343097385 0.019166989 0.0114)
(-0.00507883351 0.01840944255 0.0114)
(-0.004814569636 0.0176518961 0.0114)
(-0.004550305762 0.01689434964 0.0114)
(-0.004286041888 0.01613680319 0.0114)
(-0.004021778014 0.01537925673 0.0114)
(-0.00375751414 0.01462171028 0.0114)
(-0.003493250266 0.01386416383 0.0114)
(-0.003228986392 0.01310661737 0.0114)
(-0.002964722517 0.01234907092 0.0114)
(-0.0055 0.0275 0.0114)
(-0.005324334849 0.02675218149 0.0114)
(-0.005148669699 0.02600436298 0.0114)
(-0.004973004548 0.02525654447 0.0114)
(-0.004797339398 0.02450872596 0.0114)
(-0.004621674247 0.02376090745 0.0114)
(-0.004446009096 0.02301308894 0.0114)
(-0.004270343946 0.02226527043 0.0114)
(-0.004094678795 0.02151745192 0.0114)
(-0.003919013645 0.02076963341 0.0114)
(-0.003743348494 0.0200218149 0.0114)
(-0.003567683344 0.01927399639 0.0114)
(-0.003392018193 0.01852617788 0.0114)
(-0.003216353042 0.01777835936 0.0114)
(-0.003040687892 0.01703054085 0.0114)
(-0.002865022741 0.01628272234 0.0114)
(-0.002689357591 0.01553490383 0.0114)
(-0.00251369244 0.01478708532 0.0114)
(-0.002338027289 0.01403926681 0.0114)
(-0.002162362139 0.0132914483 0.0114)
(-0.001986696988 0.01254362979 0.0114)
(-0.00275 0.0275 0.0114)
(-0.002662321033 0.02675804235 0.0114)
(-0.002574642066 0.02601608471 0.0114)
(-0.0024869631 0.02527412706 0.0114)
(-0.002399284133 0.02453216942 0.0114)
(-0.002311605166 0.02379021177 0.0114)
(-0.002223926199 0.02304825413 0.0114)
(-0.002136247233 0.02230629648 0.0114)
(-0.002048568266 0.02156433884 0.0114)
(-0.001960889299 0.02082238119 0.0114)
(-0.001873210332 0.02008042354 0.0114)
(-0.001785531366 0.0193384659 0.0114)
(-0.001697852399 0.01859650825 0.0114)
(-0.001610173432 0.01785455061 0.0114)
(-0.001522494465 0.01711259296 0.0114)
(-0.001434815499 0.01637063532 0.0114)
(-0.001347136532 0.01562867767 0.0114)
(-0.001259457565 0.01488672003 0.0114)
(-0.001171778598 0.01414476238 0.0114)
(-0.001084099632 0.01340280474 0.0114)
(-0.0009964206648 0.01266084709 0.0114)
(0 0.0275 0.0114)
(0 0.02676 0.0114)
(0 0.02602 0.0114)
(0 0.02528 0.0114)
(0 0.02454 0.0114)
(0 0.0238 0.0114)
(0 0.02306 0.0114)
(0 0.02232 0.0114)
(0 0.02158 0.0114)
(-2.960594732e-19 0.02084 0.0114)
(-2.960594732e-19 0.0201 0.0114)
(-2.960594732e-19 0.01936 0.0114)
(2.960594732e-19 0.01862 0.0114)
(0 0.01788 0.0114)
(0 0.01714 0.0114)
(1.480297366e-19 0.0164 0.0114)
(-1.480297366e-19 0.01566 0.0114)
(0 0.01492 0.0114)
(-7.401486831e-20 0.01418 0.0114)
(-7.401486831e-20 0.01344 0.0114)
(0 0.0127 0.0114)
(0.00275 0.0275 0.0114)
(0.002662321033 0.02675804235 0.0114)
(0.002574642066 0.02601608471 0.0114)
(0.0024869631 0.02527412706 0.0114)
(0.002399284133 0.02453216942 0.0114)
(0.002311605166 0.02379021177 0.0114)
(0.002223926199 0.02304825413 0.0114)
(0.002136247233 0.02230629648 0.0114)
(0.002048568266 0.02156433884 0.0114)
(0.001960889299 0.02082238119 0.0114)
(0.001873210332 0.02008042354 0.0114)
(0.001785531366 0.0193384659 0.0114)
(0.001697852399 0.01859650825 0.0114)
(0.001610173432 0.01785455061 0.0114)
(0.001522494465 0.01711259296 0.0114)
(0.001434815499 0.01637063532 0.0114)
(0.001347136532 0.01562867767 0.0114)
(0.001259457565 0.01488672003 0.0114)
(0.001171778598 0.01414476238 0.0114)
(0.001084099632 0.01340280474 0.0114)
(0.0009964206648 0.01266084709 0.0114)
(0.0055 0.0275 0.0114)
(0.005324334849 0.02675218149 0.0114)
(0.005148669699 0.02600436298 0.0114)
(0.004973004548 0.02525654447 0.0114)
(0.004797339398 0.02450872596 0.0114)
(0.004621674247 0.02376090745 0.0114)
(0.004446009096 0.02301308894 0.0114)
(0.004270343946 0.02226527043 0.0114)
(0.004094678795 0.02151745192 0.0114)
(0.003919013645 0.02076963341 0.0114)
(0.003743348494 0.0200218149 0.0114)
(0.003567683344 0.01927399639 0.0114)
(0.003392018193 0.01852617788 0.0114)
(0.003216353042 0.01777835936 0.0114)
(0.003040687892 0.01703054085 0.0114)
(0.002865022741 0.01628272234 0.0114)
(0.002689357591 0.01553490383 0.0114)
(0.00251369244 0.01478708532 0.0114)
(0.002338027289 0.01403926681 0.0114)
(0.002162362139 0.0132914483 0.0114)
(0.001986696988 0.01254362979 0.0114)
(0.00825 0.0275 0.0114)
(0.007985736126 0.02674245355 0.0114)
(0.007721472252 0.02598490709 0.0114)
(0.007457208378 0.02522736064 0.0114)
(0.007192944503 0.02446981418 0.0114)
(0.006928680629 0.02371226773 0.0114)
(0.006664416755 0.02295472128 0.0114)
(0.006400152881 0.02219717482 0.0114)
(0.006135889007 0.02143962837 0.0114)
(0.005871625133 0.02068208191 0.0114)
(0.005607361259 0.01992453546 0.0114)
(0.005343097385 0.019166989 0.0114)
(0.00507883351 0.01840944255 0.0114)
(0.004814569636 0.0176518961 0.0114)
(0.004550305762 0.01689434964 0.0114)
(0.004286041888 0.01613680319 0.0114)
(0.004021778014 0.01537925673 0.0114)
(0.00375751414 0.01462171028 0.0114)
(0.003493250266 0.01386416383 0.0114)
(0.003228986392 0.01310661737 0.0114)
(0.002964722517 0.01234907092 0.0114)
(0.011 0.0275 0.0114)
(0.01064622332 0.02672891851 0.0114)
(0.01029244663 0.02595783702 0.0114)
(0.009938669951 0.02518675553 0.0114)
(0.009584893269 0.02441567404 0.0114)
(0.009231116586 0.02364459255 0.0114)
(0.008877339903 0.02287351106 0.0114)
(0.00852356322 0.02210242957 0.0114)
(0.008169786537 0.02133134808 0.0114)
(0.007816009854 0.02056026659 0.0114)
(0.007462233171 0.0197891851 0.0114)
(0.007108456489 0.01901810361 0.0114)
(0.006754679806 0.01824702212 0.0114)
(0.006400903123 0.01747594063 0.0114)
(0.00604712644 0.01670485914 0.0114)
(0.005693349757 0.01593377765 0.0114)
(0.005339573074 0.01516269616 0.0114)
(0.004985796392 0.01439161467 0.0114)
(0.004632019709 0.01362053318 0.0114)
(0.004278243026 0.01284945168 0.0114)
(0.003924466343 0.01207837019 0.0114)
(0.01375 0.0275 0.0114)
(0.01330550051 0.02671165984 0.0114)
(0.01286100103 0.02592331969 0.0114)
(0.01241650154 0.02513497953 0.0114)
(0.01197200206 0.02434663938 0.0114)
(0.01152750257 0.02355829922 0.0114)
(0.01108300309 0.02276995906 0.0114)
(0.0106385036 0.02198161891 0.0114)
(0.01019400412 0.02119327875 0.0114)
(0.00974950463 0.0204049386 0.0114)
(0.009305005144 0.01961659844 0.0114)
(0.008860505658 0.01882825828 0.0114)
(0.008416006173 0.01803991813 0.0114)
(0.007971506687 0.01725157797 0.0114)
(0.007527007202 0.01646323781 0.0114)
(0.007082507716 0.01567489766 0.0114)
(0.00663800823 0.0148865575 0.0114)
(0.006193508745 0.01409821735 0.0114)
(0.005749009259 0.01330987719 0.0114)
(0.005304509774 0.01252153703 0.0114)
(0.004860010288 0.01173319688 0.0114)
(0.0165 0.0275 0.0114)
(0.01596327927 0.02669078397 0.0114)
(0.01542655854 0.02588156794 0.0114)
(0.01488983781 0.02507235192 0.0114)
(0.01435311708 0.02426313589 0.0114)
(0.01381639635 0.02345391986 0.0114)
(0.01327967562 0.02264470383 0.0114)
(0.01274295489 0.02183548781 0.0114)
(0.01220623416 0.02102627178 0.0114)
(0.01166951343 0.02021705575 0.0114)
(0.0111327927 0.01940783972 0.0114)
(0.01059607197 0.0185986237 0.0114)
(0.01005935124 0.01778940767 0.0114)
(0.009522630511 0.01698019164 0.0114)
(0.008985909782 0.01617097561 0.0114)
(0.008449189052 0.01536175959 0.0114)
(0.007912468322 0.01455254356 0.0114)
(0.007375747592 0.01374332753 0.0114)
(0.006839026862 0.0129341115 0.0114)
(0.006302306132 0.01212489548 0.0114)
(0.005765585402 0.01131567945 0.0114)
(0.01925 0.0275 0.0114)
(0.01861928038 0.02666641962 0.0114)
(0.01798856075 0.02583283925 0.0114)
(0.01735784113 0.02499925887 0.0114)
(0.01672712151 0.0241656785 0.0114)
(0.01609640188 0.02333209812 0.0114)
(0.01546568226 0.02249851775 0.0114)
(0.01483496264 0.02166493737 0.0114)
(0.01420424301 0.020831357 0.0114)
(0.01357352339 0.01999777662 0.0114)
(0.01294280377 0.01916419625 0.0114)
(0.01231208414 0.01833061587 0.0114)
(0.01168136452 0.01749703549 0.0114)
(0.0110506449 0.01666345512 0.0114)
(0.01041992527 0.01582987474 0.0114)
(0.009789205652 0.01499629437 0.0114)
(0.009158486028 0.01416271399 0.0114)
(0.008527766405 0.01332913362 0.0114)
(0.007897046782 0.01249555324 0.0114)
(0.007266327159 0.01166197287 0.0114)
(0.006635607535 0.01082839249 0.0114)
(0.022 0.0275 0.0114)
(0.02127323559 0.02663871704 0.0114)
(0.02054647118 0.02577743408 0.0114)
(0.01981970677 0.02491615112 0.0114)
(0.01909294235 0.02405486816 0.0114)
(0.01836617794 0.0231935852 0.0114)
(0.01763941353 0.02233230225 0.0114)
(0.01691264912 0.02147101929 0.0114)
(0.01618588471 0.02060973633 0.0114)
(0.0154591203 0.01974845337 0.0114)
(0.01473235589 0.01888717041 0.0114)
(0.01400559147 0.01802588745 0.0114)
(0.01327882706 0.01716460449 0.0114)
(0.01255206265 0.01630332153 0.0114)
(0.01182529824 0.01544203857 0.0114)
(0.01109853383 0.01458075561 0.0114)
(0.01037176942 0.01371947265 0.0114)
(0.009645005006 0.01285818969 0.0114)
(0.008918240595 0.01199690674 0.0114)
(0.008191476183 0.01113562378 0.0114)
(0.007464711772 0.01027434082 0.0114)
(0.02475 0.0275 0.0114)
(0.02392488928 0.02660784705 0.0114)
(0.02309977855 0.02571569409 0.0114)
(0.02227466783 0.02482354114 0.0114)
(0.0214495571 0.02393138819 0.0114)
(0.02062444638 0.02303923523 0.0114)
(0.01979933565 0.02214708228 0.0114)
(0.01897422493 0.02125492933 0.0114)
(0.0181491142 0.02036277638 0.0114)
(0.01732400348 0.01947062342 0.0114)
(0.01649889276 0.01857847047 0.0114)
(0.01567378203 0.01768631752 0.0114)
(0.01484867131 0.01679416456 0.0114)
(0.01402356058 0.01590201161 0.0114)
(0.01319844986 0.01500985866 0.0114)
(0.01237333913 0.0141177057 0.0114)
(0.01154822841 0.01322555275 0.0114)
(0.01072311769 0.0123333998 0.0114)
(0.009898006961 0.01144124685 0.0114)
(0.009072896236 0.01054909389 0.0114)
(0.008247785512 0.009656940939 0.0114)
(-0.0275 -0.02475 0)
(-0.02660784705 -0.02392488928 0)
(-0.02571569409 -0.02309977855 0)
(-0.02482354114 -0.02227466783 0)
(-0.02393138819 -0.0214495571 0)
(-0.02303923523 -0.02062444638 0)
(-0.02214708228 -0.01979933565 0)
(-0.02125492933 -0.01897422493 0)
(-0.02036277638 -0.0181491142 0)
(-0.01947062342 -0.01732400348 0)
(-0.01857847047 -0.01649889276 0)
(-0.01768631752 -0.01567378203 0)
(-0.01679416456 -0.01484867131 0)
(-0.01590201161 -0.01402356058 0)
(-0.01500985866 -0.01319844986 0)
(-0.0141177057 -0.01237333913 0)
(-0.01322555275 -0.01154822841 0)
(-0.0123333998 -0.01072311769 0)
(-0.01144124685 -0.009898006961 0)
(-0.01054909389 -0.009072896236 0)
(-0.009656940939 -0.008247785512 0)
(-0.0275 -0.022 0)
(-0.02663871704 -0.02127323559 0)
(-0.02577743408 -0.02054647118 0)
(-0.02491615112 -0.01981970677 0)
(-0.02405486816 -0.01909294235 0)
(-0.0231935852 -0.01836617794 0)
(-0.02233230225 -0.01763941353 0)
(-0.02147101929 -0.01691264912 0)
(-0.02060973633 -0.01618588471 0)
(-0.01974845337 -0.0154591203 0)
(-0.01888717041 -0.01473235589 0)
(-0.01802588745 -0.01400559147 0)
(-0.01716460449 -0.01327882706 0)
(-0.01630332153 -0.01255206265 0)
(-0.01544203857 -0.01182529824 0)
(-0.01458075561 -0.01109853383 0)
(-0.01371947265 -0.01037176942 0)
(-0.01285818969 -0.009645005006 0)
(-0.01199690674 -0.008918240595 0)
(-0.01113562378 -0.008191476183 0)
(-0.01027434082 -0.007464711772 0)
(-0.0275 -0.01925 0)
(-0.02666641962 -0.01861928038 0)
(-0.02583283925 -0.01798856075 0)
(-0.02499925887 -0.01735784113 0)
(-0.0241656785 -0.01672712151 0)
(-0.02333209812 -0.01609640188 0)
(-0.02249851775 -0.01546568226 0)
(-0.02166493737 -0.01483496264 0)
(-0.020831357 -0.01420424301 0)
(-0.01999777662 -0.01357352339 0)
(-0.01916419625 -0.01294280377 0)
(-0.01833061587 -0.01231208414 0)
(-0.01749703549 -0.01168136452 0)
(-0.01666345512 -0.0110506449 0)
(-0.01582987474 -0.01041992527 0)
(-0.01499629437 -0.009789205652 0)
(-0.01416271399 -0.009158486028 0)
(-0.01332913362 -0.008527766405 0)
(-0.01249555324 -0.007897046782 0)
(-0.01166197287 -0.007266327159 0)
(-0.01082839249 -0.006635607535 0)
(-0.0275 -0.0165 0)
(-0.02669078397 -0.01596327927 0)
(-0.02588156794 -0.01542655854 0)
(-0.02507235192 -0.01488983781 0)
(-0.02426313589 -0.01435311708 0)
(-0.02345391986 -0.01381639635 0)
(-0.02264470383 -0.01327967562 0)
(-0.02183548781 -0.01274295489 0)
(-0.02102627178 -0.01220623416 0)
(-0.02021705575 -0.01166951343 0)
(-0.01940783972 -0.0111327927 0)
(-0.0185986237 -0.01059607197 0)
(-0.01778940767 -0.01005935124 0)
(-0.01698019164 -0.009522630511 0)
(-0.01617097561 -0.008985909782 0)
(-0.01536175959 -0.008449189052 0)
(-0.01455254356 -0.007912468322 0)
(-0.01374332753 -0.007375747592 0)
(-0.0129341115 -0.006839026862 0)
(-0.01212489548 -0.006302306132 0)
(-0.01131567945 -0.005765585402 0)
(-0.0275 -0.01375 0)
(-0.02671165984 -0.01330550051 0)
(-0.02592331969 -0.01286100103 0)
(-0.02513497953 -0.01241650154 0)
(-0.02434663938 -0.01197200206 0)
(-0.02355829922 -0.01152750257 0)
(-0.02276995906 -0.01108300309 0)
(-0.02198161891 -0.0106385036 0)
(-0.02119327875 -0.01019400412 0)
(-0.0204049386 -0.00974950463 0)
(-0.01961659844 -0.009305005144 0)
(-0.01882825828 -0.008860505658 0)
(-0.01803991813 -0.008416006173 0)
(-0.01725157797 -0.007971506687 0)
(-0.01646323781 -0.007527007202 0)
(-0.01567489766 -0.007082507716 0)
(-0.0148865575 -0.00663800823 0)
(-0.01409821735 -0.006193508745 0)
(-0.01330987719 -0.005749009259 0)
(-0.01252153703 -0.005304509774 0)
(-0.01173319688 -0.004860010288 0)
(-0.0275 -0.011 0)
(-0.02672891851 -0.01064622332 0)
(-0.02595783702 -0.01029244663 0)
(-0.02518675553 -0.009938669951 0)
(-0.02441567404 -0.009584893269 0)
(-0.02364459255 -0.009231116586 0)
(-0.02287351106 -0.008877339903 0)
(-0.02210242957 -0.00852356322 0)
(-0.02133134808 -0.008169786537 0)
(-0.02056026659 -0.007816009854 0)
(-0.0197891851 -0.007462233171 0)
(-0.01901810361 -0.007108456489 0)
(-0.01824702212 -0.006754679806 0)
(-0.01747594063 -0.006400903123 0)
(-0.01670485914 -0.00604712644 0)
(-0.01593377765 -0.005693349757 0)
(-0.01516269616 -0.005339573074 0)
(-0.01439161467 -0.004985796392 0)
(-0.01362053318 -0.004632019709 0)
(-0.01284945168 -0.004278243026 0)
(-0.01207837019 -0.003924466343 0)
(-0.0275 -0.00825 0)
(-0.02674245355 -0.007985736126 0)
(-0.02598490709 -0.007721472252 0)
(-0.02522736064 -0.007457208378 0)
(-0.02446981418 -0.007192944503 0)
(-0.02371226773 -0.006928680629 0)
(-0.02295472128 -0.006664416755 0)
(-0.02219717482 -0.006400152881 0)
(-0.02143962837 -0.006135889007 0)
(-0.02068208191 -0.005871625133 0)
(-0.01992453546 -0.005607361259 0)
(-0.019166989 -0.005343097385 0)
(-0.01840944255 -0.00507883351 0)
(-0.0176518961 -0.004814569636 0)
(-0.01689434964 -0.004550305762 0)
(-0.01613680319 -0.004286041888 0)
(-0.01537925673 -0.004021778014 0)
(-0.01462171028 -0.00375751414 0)
(-0.01386416383 -0.003493250266 0)
(-0.01310661737 -0.003228986392 0)
(-0.01234907092 -0.002964722517 0)
(-0.0275 -0.0055 0)
(-0.02675218149 -0.005324334849 0)
(-0.02600436298 -0.005148669699 0)
(-0.02525654447 -0.004973004548 0)
(-0.02450872596 -0.004797339398 0)
(-0.02376090745 -0.004621674247 0)
(-0.02301308894 -0.004446009096 0)
(-0.02226527043 -0.004270343946 0)
(-0.02151745192 -0.004094678795 0)
(-0.02076963341 -0.003919013645 0)
(-0.0200218149 -0.003743348494 0)
(-0.01927399639 -0.003567683344 0)
(-0.01852617788 -0.003392018193 0)
(-0.01777835936 -0.003216353042 0)
(-0.01703054085 -0.003040687892 0)
(-0.01628272234 -0.002865022741 0)
(-0.01553490383 -0.002689357591 0)
(-0.01478708532 -0.00251369244 0)
(-0.01403926681 -0.002338027289 0)
(-0.0132914483 -0.002162362139 0)
(-0.01254362979 -0.001986696988 0)
(-0.0275 -0.00275 0)
(-0.02675804235 -0.002662321033 0)
(-0.02601608471 -0.002574642066 0)
(-0.02527412706 -0.0024869631 0)
(-0.02453216942 -0.002399284133 0)
(-0.02379021177 -0.002311605166 0)
(-0.02304825413 -0.002223926199 0)
(-0.02230629648 -0.002136247233 0)
(-0.02156433884 -0.002048568266 0)
(-0.02082238119 -0.001960889299 0)
(-0.02008042354 -0.001873210332 0)
(-0.0193384659 -0.001785531366 0)
(-0.01859650825 -0.001697852399 0)
(-0.01785455061 -0.001610173432 0)
(-0.01711259296 -0.001522494465 0)
(-0.01637063532 -0.001434815499 0)
(-0.01562867767 -0.001347136532 0)
(-0.01488672003 -0.001259457565 0)
(-0.01414476238 -0.001171778598 0)
(-0.01340280474 -0.001084099632 0)
(-0.01266084709 -0.0009964206648 0)
(-0.0275 0 0)
(-0.02676 0 0)
(-0.02602 0 0)
(-0.02528 0 0)
(-0.02454 0 0)
(-0.0238 0 0)
(-0.02306 0 0)
(-0.02232 0 0)
(-0.02158 0 0)
(-0.02084 -2.960594732e-19 0)
(-0.0201 -2.960594732e-19 0)
(-0.01936 -2.960594732e-19 0)
(-0.01862 2.960594732e-19 0)
(-0.01788 0 0)
(-0.01714 0 0)
(-0.0164 1.480297366e-19 0)
(-0.01566 -1.480297366e-19 0)
(-0.01492 0 0)
(-0.01418 -7.401486831e-20 0)
(-0.01344 -7.401486831e-20 0)
(-0.0127 0 0)
(-0.0275 0.00275 0)
(-0.02675804235 0.002662321033 0)
(-0.02601608471 0.002574642066 0)
(-0.02527412706 0.0024869631 0)
(-0.02453216942 0.002399284133 0)
(-0.02379021177 0.002311605166 0)
(-0.02304825413 0.002223926199 0)
(-0.02230629648 0.002136247233 0)
(-0.02156433884 0.002048568266 0)
(-0.02082238119 0.001960889299 0)
(-0.02008042354 0.001873210332 0)
(-0.0193384659 0.001785531366 0)
(-0.01859650825 0.001697852399 0)
(-0.01785455061 0.001610173432 0)
(-0.01711259296 0.001522494465 0)
(-0.01637063532 0.001434815499 0)
(-0.01562867767 0.001347136532 0)
(-0.01488672003 0.001259457565 0)
(-0.01414476238 0.001171778598 0)
(-0.01340280474 0.001084099632 0)
(-0.01266084709 0.0009964206648 0)
(-0.0275 0.0055 0)
(-0.02675218149 0.005324334849 0)
(-0.02600436298 0.005148669699 0)
(-0.02525654447 0.004973004548 0)
(-0.02450872596 0.004797339398 0)
(-0.02376090745 0.004621674247 0)
(-0.02301308894 0.004446009096 0)
(-0.02226527043 0.004270343946 0)
(-0.02151745192 0.004094678795 0)
(-0.02076963341 0.003919013645 0)
(-0.0200218149 0.003743348494 0)
(-0.01927399639 0.003567683344 0)
(-0.01852617788 0.003392018193 0)
(-0.01777835936 0.003216353042 0)
(-0.01703054085 0.003040687892 0)
(-0.01628272234 0.002865022741 0)
(-0.01553490383 0.002689357591 0)
(-0.01478708532 0.00251369244 0)
(-0.01403926681 0.002338027289 0)
(-0.0132914483 0.002162362139 0)
(-0.01254362979 0.001986696988 0)
(-0.0275 0.00825 0)
(-0.02674245355 0.007985736126 0)
(-0.02598490709 0.007721472252 0)
(-0.02522736064 0.007457208378 0)
(-0.02446981418 0.007192944503 0)
(-0.02371226773 0.006928680629 0)
(-0.02295472128 0.006664416755 0)
(-0.02219717482 0.006400152881 0)
(-0.02143962837 0.006135889007 0)
(-0.02068208191 0.005871625133 0)
(-0.01992453546 0.005607361259 0)
(-0.019166989 0.005343097385 0)
(-0.01840944255 0.00507883351 0)
(-0.0176518961 0.004814569636 0)
(-0.01689434964 0.004550305762 0)
(-0.01613680319 0.004286041888 0)
(-0.01537925673 0.004021778014 0)
(-0.01462171028 0.00375751414 0)
(-0.01386416383 0.003493250266 0)
(-0.01310661737 0.003228986392 0)
(-0.01234907092 0.002964722517 0)
(-0.0275 0.011 0)
(-0.02672891851 0.01064622332 0)
(-0.02595783702 0.01029244663 0)
(-0.02518675553 0.009938669951 0)
(-0.02441567404 0.009584893269 0)
(-0.02364459255 0.009231116586 0)
(-0.02287351106 0.008877339903 0)
(-0.02210242957 0.00852356322 0)
(-0.02133134808 0.008169786537 0)
(-0.02056026659 0.007816009854 0)
(-0.0197891851 0.007462233171 0)
(-0.01901810361 0.007108456489 0)
(-0.01824702212 0.006754679806 0)
(-0.01747594063 0.006400903123 0)
(-0.01670485914 0.00604712644 0)
(-0.01593377765 0.005693349757 0)
(-0.01516269616 0.005339573074 0)
(-0.01439161467 0.004985796392 0)
(-0.01362053318 0.004632019709 0)
(-0.01284945168 0.004278243026 0)
(-0.01207837019 0.003924466343 0)
(-0.0275 0.01375 0)
(-0.02671165984 0.01330550051 0)
(-0.02592331969 0.01286100103 0)
(-0.02513497953 0.01241650154 0)
(-0.02434663938 0.01197200206 0)
(-0.02355829922 0.01152750257 0)
(-0.02276995906 0.01108300309 0)
(-0.02198161891 0.0106385036 0)
(-0.02119327875 0.01019400412 0)
(-0.0204049386 0.00974950463 0)
(-0.01961659844 0.009305005144 0)
(-0.01882825828 0.008860505658 0)
(-0.01803991813 0.008416006173 0)
(-0.01725157797 0.007971506687 0)
(-0.01646323781 0.007527007202 0)
(-0.01567489766 0.007082507716 0)
(-0.0148865575 0.00663800823 0)
(-0.01409821735 0.006193508745 0)
(-0.01330987719 0.005749009259 0)
(-0.01252153703 0.005304509774 0)
(-0.01173319688 0.004860010288 0)
(-0.0275 0.0165 0)
(-0.02669078397 0.01596327927 0)
(-0.02588156794 0.01542655854 0)
(-0.02507235192 0.01488983781 0)
(-0.02426313589 0.01435311708 0)
(-0.02345391986 0.01381639635 0)
(-0.02264470383 0.01327967562 0)
(-0.02183548781 0.01274295489 0)
(-0.02102627178 0.01220623416 0)
(-0.02021705575 0.01166951343 0)
(-0.01940783972 0.0111327927 0)
(-0.0185986237 0.01059607197 0)
(-0.01778940767 0.01005935124 0)
(-0.01698019164 0.009522630511 0)
(-0.01617097561 0.008985909782 0)
(-0.01536175959 0.008449189052 0)
(-0.01455254356 0.007912468322 0)
(-0.01374332753 0.007375747592 0)
(-0.0129341115 0.006839026862 0)
(-0.01212489548 0.006302306132 0)
(-0.01131567945 0.005765585402 0)
(-0.0275 0.01925 0)
(-0.02666641962 0.01861928038 0)
(-0.02583283925 0.01798856075 0)
(-0.02499925887 0.01735784113 0)
(-0.0241656785 0.01672712151 0)
(-0.02333209812 0.01609640188 0)
(-0.02249851775 0.01546568226 0)
(-0.02166493737 0.01483496264 0)
(-0.020831357 0.01420424301 0)
(-0.01999777662 0.01357352339 0)
(-0.01916419625 0.01294280377 0)
(-0.01833061587 0.01231208414 0)
(-0.01749703549 0.01168136452 0)
(-0.01666345512 0.0110506449 0)
(-0.01582987474 0.01041992527 0)
(-0.01499629437 0.009789205652 0)
(-0.01416271399 0.009158486028 0)
(-0.01332913362 0.008527766405 0)
(-0.01249555324 0.007897046782 0)
(-0.01166197287 0.007266327159 0)
(-0.01082839249 0.006635607535 0)
(-0.0275 0.022 0)
(-0.02663871704 0.02127323559 0)
(-0.02577743408 0.02054647118 0)
(-0.02491615112 0.01981970677 0)
(-0.02405486816 0.01909294235 0)
(-0.0231935852 0.01836617794 0)
(-0.02233230225 0.01763941353 0)
(-0.02147101929 0.01691264912 0)
(-0.02060973633 0.01618588471 0)
(-0.01974845337 0.0154591203 0)
(-0.01888717041 0.01473235589 0)
(-0.01802588745 0.01400559147 0)
(-0.01716460449 0.01327882706 0)
(-0.01630332153 0.01255206265 0)
(-0.01544203857 0.01182529824 0)
(-0.01458075561 0.01109853383 0)
(-0.01371947265 0.01037176942 0)
(-0.01285818969 0.009645005006 0)
(-0.01199690674 0.008918240595 0)
(-0.01113562378 0.008191476183 0)
(-0.01027434082 0.007464711772 0)
(-0.0275 0.02475 0)
(-0.02660784705 0.02392488928 0)
(-0.02571569409 0.02309977855 0)
(-0.02482354114 0.02227466783 0)
(-0.02393138819 0.0214495571 0)
(-0.02303923523 0.02062444638 0)
(-0.02214708228 0.01979933565 0)
(-0.02125492933 0.01897422493 0)
(-0.02036277638 0.0181491142 0)
(-0.01947062342 0.01732400348 0)
(-0.01857847047 0.01649889276 0)
(-0.01768631752 0.01567378203 0)
(-0.01679416456 0.01484867131 0)
(-0.01590201161 0.01402356058 0)
(-0.01500985866 0.01319844986 0)
(-0.0141177057 0.01237333913 0)
(-0.01322555275 0.01154822841 0)
(-0.0123333998 0.01072311769 0)
(-0.01144124685 0.009898006961 0)
(-0.01054909389 0.009072896236 0)
(-0.009656940939 0.008247785512 0)
(-0.0275 -0.02475 0.0114)
(-0.02660784705 -0.02392488928 0.0114)
(-0.02571569409 -0.02309977855 0.0114)
(-0.02482354114 -0.02227466783 0.0114)
(-0.02393138819 -0.0214495571 0.0114)
(-0.02303923523 -0.02062444638 0.0114)
(-0.02214708228 -0.01979933565 0.0114)
(-0.02125492933 -0.01897422493 0.0114)
(-0.02036277638 -0.0181491142 0.0114)
(-0.01947062342 -0.01732400348 0.0114)
(-0.01857847047 -0.01649889276 0.0114)
(-0.01768631752 -0.01567378203 0.0114)
(-0.01679416456 -0.01484867131 0.0114)
(-0.01590201161 -0.01402356058 0.0114)
(-0.01500985866 -0.01319844986 0.0114)
(-0.0141177057 -0.01237333913 0.0114)
(-0.01322555275 -0.01154822841 0.0114)
(-0.0123333998 -0.01072311769 0.0114)
(-0.01144124685 -0.009898006961 0.0114)
(-0.01054909389 -0.009072896236 0.0114)
(-0.009656940939 -0.008247785512 0.0114)
(-0.0275 -0.022 0.0114)
(-0.02663871704 -0.02127323559 0.0114)
(-0.02577743408 -0.02054647118 0.0114)
(-0.02491615112 -0.01981970677 0.0114)
(-0.02405486816 -0.01909294235 0.0114)
(-0.0231935852 -0.01836617794 0.0114)
(-0.02233230225 -0.01763941353 0.0114)
(-0.02147101929 -0.01691264912 0.0114)
(-0.02060973633 -0.01618588471 0.0114)
(-0.01974845337 -0.0154591203 0.0114)
(-0.01888717041 -0.01473235589 0.0114)
(-0.01802588745 -0.01400559147 0.0114)
(-0.01716460449 -0.01327882706 0.0114)
(-0.01630332153 -0.01255206265 0.0114)
(-0.01544203857 -0.01182529824 0.0114)
(-0.01458075561 -0.01109853383 0.0114)
(-0.01371947265 -0.01037176942 0.0114)
(-0.01285818969 -0.009645005006 0.0114)
(-0.01199690674 -0.008918240595 0.0114)
(-0.01113562378 -0.008191476183 0.0114)
(-0.01027434082 -0.007464711772 0.0114)
(-0.0275 -0.01925 0.0114)
(-0.02666641962 -0.01861928038 0.0114)
(-0.02583283925 -0.01798856075 0.0114)
(-0.02499925887 -0.01735784113 0.0114)
(-0.0241656785 -0.01672712151 0.0114)
(-0.02333209812 -0.01609640188 0.0114)
(-0.02249851775 -0.01546568226 0.0114)
(-0.02166493737 -0.01483496264 0.0114)
(-0.020831357 -0.01420424301 0.0114)
(-0.01999777662 -0.01357352339 0.0114)
(-0.01916419625 -0.01294280377 0.0114)
(-0.01833061587 -0.01231208414 0.0114)
(-0.01749703549 -0.01168136452 0.0114)
(-0.01666345512 -0.0110506449 0.0114)
(-0.01582987474 -0.01041992527 0.0114)
(-0.01499629437 -0.009789205652 0.0114)
(-0.01416271399 -0.009158486028 0.0114)
(-0.01332913362 -0.008527766405 0.0114)
(-0.01249555324 -0.007897046782 0.0114)
(-0.01166197287 -0.007266327159 0.0114)
(-0.01082839249 -0.006635607535 0.0114)
(-0.0275 -0.0165 0.0114)
(-0.02669078397 -0.01596327927 0.0114)
(-0.02588156794 -0.01542655854 0.0114)
(-0.02507235192 -0.01488983781 0.0114)
(-0.02426313589 -0.01435311708 0.0114)
(-0.02345391986 -0.01381639635 0.0114)
(-0.02264470383 -0.01327967562 0.0114)
(-0.02183548781 -0.01274295489 0.0114)
(-0.02102627178 -0.01220623416 0.0114)
(-0.02021705575 -0.01166951343 0.0114)
(-0.01940783972 -0.0111327927 0.0114)
(-0.0185986237 -0.01059607197 0.0114)
(-0.01778940767 -0.01005935124 0.0114)
(-0.01698019164 -0.009522630511 0.0114)
(-0.01617097561 -0.008985909782 0.0114)
(-0.01536175959 -0.008449189052 0.0114)
(-0.01455254356 -0.007912468322 0.0114)
(-0.01374332753 -0.007375747592 0.0114)
(-0.0129341115 -0.006839026862 0.0114)
(-0.01212489548 -0.006302306132 0.0114)
(-0.01131567945 -0.005765585402 0.0114)
(-0.0275 -0.01375 0.0114)
(-0.02671165984 -0.01330550051 0.0114)
(-0.02592331969 -0.01286100103 0.0114)
(-0.02513497953 -0.01241650154 0.0114)
(-0.02434663938 -0.01197200206 0.0114)
(-0.02355829922 -0.01152750257 0.0114)
(-0.02276995906 -0.01108300309 0.0114)
(-0.02198161891 -0.0106385036 0.0114)
(-0.02119327875 -0.01019400412 0.0114)
(-0.0204049386 -0.00974950463 0.0114)
(-0.01961659844 -0.009305005144 0.0114)
(-0.01882825828 -0.008860505658 0.0114)
(-0.01803991813 -0.008416006173 0.0114)
(-0.01725157797 -0.007971506687 0.0114)
(-0.01646323781 -0.007527007202 0.0114)
(-0.01567489766 -0.007082507716 0.0114)
(-0.0148865575 -0.00663800823 0.0114)
(-0.01409821735 -0.006193508745 0.0114)
(-0.01330987719 -0.005749009259 0.0114)
(-0.01252153703 -0.005304509774 0.0114)
(-0.01173319688 -0.004860010288 0.0114)
(-0.0275 -0.011 0.0114)
(-0.02672891851 -0.01064622332 0.0114)
(-0.02595783702 -0.01029244663 0.0114)
(-0.02518675553 -0.009938669951 0.0114)
(-0.02441567404 -0.009584893269 0.0114)
(-0.02364459255 -0.009231116586 0.0114)
(-0.02287351106 -0.008877339903 0.0114)
(-0.02210242957 -0.00852356322 0.0114)
(-0.02133134808 -0.008169786537 0.0114)
(-0.02056026659 -0.007816009854 0.0114)
(-0.0197891851 -0.007462233171 0.0114)
(-0.01901810361 -0.007108456489 0.0114)
(-0.01824702212 -0.006754679806 0.0114)
(-0.01747594063 -0.006400903123 0.0114)
(-0.01670485914 -0.00604712644 0.0114)
(-0.01593377765 -0.005693349757 0.0114)
(-0.01516269616 -0.005339573074 0.0114)
(-0.01439161467 -0.004985796392 0.0114)
(-0.01362053318 -0.004632019709 0.0114)
(-0.01284945168 -0.004278243026 0.0114)
(-0.01207837019 -0.003924466343 0.0114)
(-0.0275 -0.00825 0.0114)
(-0.02674245355 -0.007985736126 0.0114)
(-0.02598490709 -0.007721472252 0.0114)
(-0.02522736064 -0.007457208378 0.0114)
(-0.02446981418 -0.007192944503 0.0114)
(-0.02371226773 -0.006928680629 0.0114)
(-0.02295472128 -0.006664416755 0.0114)
(-0.02219717482 -0.006400152881 0.0114)
(-0.02143962837 -0.006135889007 0.0114)
(-0.02068208191 -0.005871625133 0.0114)
(-0.01992453546 -0.005607361259 0.0114)
(-0.019166989 -0.005343097385 0.0114)
(-0.01840944255 -0.00507883351 0.0114)
(-0.0176518961 -0.004814569636 0.0114)
(-0.01689434964 -0.004550305762 0.0114)
(-0.01613680319 -0.004286041888 0.0114)
(-0.01537925673 -0.004021778014 0.0114)
(-0.01462171028 -0.00375751414 0.0114)
(-0.01386416383 -0.003493250266 0.0114)
(-0.01310661737 -0.003228986392 0.0114)
(-0.01234907092 -0.002964722517 0.0114)
(-0.0275 -0.0055 0.0114)
(-0.02675218149 -0.005324334849 0.0114)
(-0.02600436298 -0.005148669699 0.0114)
(-0.02525654447 -0.004973004548 0.0114)
(-0.02450872596 -0.004797339398 0.0114)
(-0.02376090745 -0.004621674247 0.0114)
(-0.02301308894 -0.004446009096 0.0114)
(-0.02226527043 -0.004270343946 0.0114)
(-0.02151745192 -0.004094678795 0.0114)
(-0.02076963341 -0.003919013645 0.0114)
(-0.0200218149 -0.003743348494 0.0114)
(-0.01927399639 -0.003567683344 0.0114)
(-0.01852617788 -0.003392018193 0.0114)
(-0.01777835936 -0.003216353042 0.0114)
(-0.01703054085 -0.003040687892 0.0114)
(-0.01628272234 -0.002865022741 0.0114)
(-0.01553490383 -0.002689357591 0.0114)
(-0.01478708532 -0.00251369244 0.0114)
(-0.01403926681 -0.002338027289 0.0114)
(-0.0132914483 -0.002162362139 0.0114)
(-0.01254362979 -0.001986696988 0.0114)
(-0.0275 -0.00275 0.0114)
(-0.02675804235 -0.002662321033 0.0114)
(-0.02601608471 -0.002574642066 0.0114)
(-0.02527412706 -0.0024869631 0.0114)
(-0.02453216942 -0.002399284133 0.0114)
(-0.02379021177 -0.002311605166 0.0114)
(-0.02304825413 -0.002223926199 0.0114)
(-0.02230629648 -0.002136247233 0.0114)
(-0.02156433884 -0.002048568266 0.0114)
(-0.02082238119 -0.001960889299 0.0114)
(-0.02008042354 -0.001873210332 0.0114)
(-0.0193384659 -0.001785531366 0.0114)
(-0.01859650825 -0.001697852399 0.0114)
(-0.01785455061 -0.001610173432 0.0114)
(-0.01711259296 -0.001522494465 0.0114)
(-0.01637063532 -0.001434815499 0.0114)
(-0.01562867767 -0.001347136532 0.0114)
(-0.01488672003 -0.001259457565 0.0114)
(-0.01414476238 -0.001171778598 0.0114)
(-0.01340280474 -0.001084099632 0.0114)
(-0.01266084709 -0.0009964206648 0.0114)
(-0.0275 0 0.0114)
(-0.02676 0 0.0114)
(-0.02602 0 0.0114)
(-0.02528 0 0.0114)
(-0.02454 0 0.0114)
(-0.0238 0 0.0114)
(-0.02306 0 0.0114)
(-0.02232 0 0.0114)
(-0.02158 0 0.0114)
(-0.02084 -2.960594732e-19 0.0114)
(-0.0201 -2.960594732e-19 0.0114)
(-0.01936 -2.960594732e-19 0.0114)
(-0.01862 2.960594732e-19 0.0114)
(-0.01788 0 0.0114)
(-0.01714 0 0.0114)
(-0.0164 1.480297366e-19 0.0114)
(-0.01566 -1.480297366e-19 0.0114)
(-0.01492 0 0.0114)
(-0.01418 -7.401486831e-20 0.0114)
(-0.01344 -7.401486831e-20 0.0114)
(-0.0127 0 0.0114)
(-0.0275 0.00275 0.0114)
(-0.02675804235 0.002662321033 0.0114)
(-0.02601608471 0.002574642066 0.0114)
(-0.02527412706 0.0024869631 0.0114)
(-0.02453216942 0.002399284133 0.0114)
(-0.02379021177 0.002311605166 0.0114)
(-0.02304825413 0.002223926199 0.0114)
(-0.02230629648 0.002136247233 0.0114)
(-0.02156433884 0.002048568266 0.0114)
(-0.02082238119 0.001960889299 0.0114)
(-0.02008042354 0.001873210332 0.0114)
(-0.0193384659 0.001785531366 0.0114)
(-0.01859650825 0.001697852399 0.0114)
(-0.01785455061 0.001610173432 0.0114)
(-0.01711259296 0.001522494465 0.0114)
(-0.01637063532 0.001434815499 0.0114)
(-0.01562867767 0.001347136532 0.0114)
(-0.01488672003 0.001259457565 0.0114)
(-0.01414476238 0.001171778598 0.0114)
(-0.01340280474 0.001084099632 0.0114)
(-0.01266084709 0.0009964206648 0.0114)
(-0.0275 0.0055 0.0114)
(-0.02675218149 0.005324334849 0.0114)
(-0.02600436298 0.005148669699 0.0114)
(-0.02525654447 0.004973004548 0.0114)
(-0.02450872596 0.004797339398 0.0114)
(-0.02376090745 0.004621674247 0.0114)
(-0.02301308894 0.004446009096 0.0114)
(-0.02226527043 0.004270343946 0.0114)
(-0.02151745192 0.004094678795 0.0114)
(-0.02076963341 0.003919013645 0.0114)
(-0.0200218149 0.003743348494 0.0114)
(-0.01927399639 0.003567683344 0.0114)
(-0.01852617788 0.003392018193 0.0114)
(-0.01777835936 0.003216353042 0.0114)
(-0.01703054085 0.003040687892 0.0114)
(-0.01628272234 0.002865022741 0.0114)
(-0.01553490383 0.002689357591 0.0114)
(-0.01478708532 0.00251369244 0.0114)
(-0.01403926681 0.002338027289 0.0114)
(-0.0132914483 0.002162362139 0.0114)
(-0.01254362979 0.001986696988 0.0114)
(-0.0275 0.00825 0.0114)
(-0.02674245355 0.007985736126 0.0114)
(-0.02598490709 0.007721472252 0.0114)
(-0.02522736064 0.007457208378 0.0114)
(-0.02446981418 0.007192944503 0.0114)
(-0.02371226773 0.006928680629 0.0114)
(-0.02295472128 0.006664416755 0.0114)
(-0.02219717482 0.006400152881 0.0114)
(-0.02143962837 0.006135889007 0.0114)
(-0.02068208191 0.005871625133 0.0114)
(-0.01992453546 0.005607361259 0.0114)
(-0.019166989 0.005343097385 0.0114)
(-0.01840944255 0.00507883351 0.0114)
(-0.0176518961 0.004814569636 0.0114)
(-0.01689434964 0.004550305762 0.0114)
(-0.01613680319 0.004286041888 0.0114)
(-0.01537925673 0.004021778014 0.0114)
(-0.01462171028 0.00375751414 0.0114)
(-0.01386416383 0.003493250266 0.0114)
(-0.01310661737 0.003228986392 0.0114)
(-0.01234907092 0.002964722517 0.0114)
(-0.0275 0.011 0.0114)
(-0.02672891851 0.01064622332 0.0114)
(-0.02595783702 0.01029244663 0.0114)
(-0.02518675553 0.009938669951 0.0114)
(-0.02441567404 0.009584893269 0.0114)
(-0.02364459255 0.009231116586 0.0114)
(-0.02287351106 0.008877339903 0.0114)
(-0.02210242957 0.00852356322 0.0114)
(-0.02133134808 0.008169786537 0.0114)
(-0.02056026659 0.007816009854 0.0114)
(-0.0197891851 0.007462233171 0.0114)
(-0.01901810361 0.007108456489 0.0114)
(-0.01824702212 0.006754679806 0.0114)
(-0.01747594063 0.006400903123 0.0114)
(-0.01670485914 0.00604712644 0.0114)
(-0.01593377765 0.005693349757 0.0114)
(-0.01516269616 0.005339573074 0.0114)
(-0.01439161467 0.004985796392 0.0114)
(-0.01362053318 0.004632019709 0.0114)
(-0.01284945168 0.004278243026 0.0114)
(-0.01207837019 0.003924466343 0.0114)
(-0.0275 0.01375 0.0114)
(-0.02671165984 0.01330550051 0.0114)
(-0.02592331969 0.01286100103 0.0114)
(-0.02513497953 0.01241650154 0.0114)
(-0.02434663938 0.01197200206 0.0114)
(-0.02355829922 0.01152750257 0.0114)
(-0.02276995906 0.01108300309 0.0114)
(-0.02198161891 0.0106385036 0.0114)
(-0.02119327875 0.01019400412 0.0114)
(-0.0204049386 0.00974950463 0.0114)
(-0.01961659844 0.009305005144 0.0114)
(-0.01882825828 0.008860505658 0.0114)
(-0.01803991813 0.008416006173 0.0114)
(-0.01725157797 0.007971506687 0.0114)
(-0.01646323781 0.007527007202 0.0114)
(-0.01567489766 0.007082507716 0.0114)
(-0.0148865575 0.00663800823 0.0114)
(-0.01409821735 0.006193508745 0.0114)
(-0.01330987719 0.005749009259 0.0114)
(-0.01252153703 0.005304509774 0.0114)
(-0.01173319688 0.004860010288 0.0114)
(-0.0275 0.0165 0.0114)
(-0.02669078397 0.01596327927 0.0114)
(-0.02588156794 0.01542655854 0.0114)
(-0.02507235192 0.01488983781 0.0114)
(-0.02426313589 0.01435311708 0.0114)
(-0.02345391986 0.01381639635 0.0114)
(-0.02264470383 0.01327967562 0.0114)
(-0.02183548781 0.01274295489 0.0114)
(-0.02102627178 0.01220623416 0.0114)
(-0.02021705575 0.01166951343 0.0114)
(-0.01940783972 0.0111327927 0.0114)
(-0.0185986237 0.01059607197 0.0114)
(-0.01778940767 0.01005935124 0.0114)
(-0.01698019164 0.009522630511 0.0114)
(-0.01617097561 0.008985909782 0.0114)
(-0.01536175959 0.008449189052 0.0114)
(-0.01455254356 0.007912468322 0.0114)
(-0.01374332753 0.007375747592 0.0114)
(-0.0129341115 0.006839026862 0.0114)
(-0.01212489548 0.006302306132 0.0114)
(-0.01131567945 0.005765585402 0.0114)
(-0.0275 0.01925 0.0114)
(-0.02666641962 0.01861928038 0.0114)
(-0.02583283925 0.01798856075 0.0114)
(-0.02499925887 0.01735784113 0.0114)
(-0.0241656785 0.01672712151 0.0114)
(-0.02333209812 0.01609640188 0.0114)
(-0.02249851775 0.01546568226 0.0114)
(-0.02166493737 0.01483496264 0.0114)
(-0.020831357 0.01420424301 0.0114)
(-0.01999777662 0.01357352339 0.0114)
(-0.01916419625 0.01294280377 0.0114)
(-0.01833061587 0.01231208414 0.0114)
(-0.01749703549 0.01168136452 0.0114)
(-0.01666345512 0.0110506449 0.0114)
(-0.01582987474 0.01041992527 0.0114)
(-0.01499629437 0.009789205652 0.0114)
(-0.01416271399 0.009158486028 0.0114)
(-0.01332913362 0.008527766405 0.0114)
(-0.01249555324 0.007897046782 0.0114)
(-0.01166197287 0.007266327159 0.0114)
(-0.01082839249 0.006635607535 0.0114)
(-0.0275 0.022 0.0114)
(-0.02663871704 0.02127323559 0.0114)
(-0.02577743408 0.02054647118 0.0114)
(-0.02491615112 0.01981970677 0.0114)
(-0.02405486816 0.01909294235 0.0114)
(-0.0231935852 0.01836617794 0.0114)
(-0.02233230225 0.01763941353 0.0114)
(-0.02147101929 0.01691264912 0.0114)
(-0.02060973633 0.01618588471 0.0114)
(-0.01974845337 0.0154591203 0.0114)
(-0.01888717041 0.01473235589 0.0114)
(-0.01802588745 0.01400559147 0.0114)
(-0.01716460449 0.01327882706 0.0114)
(-0.01630332153 0.01255206265 0.0114)
(-0.01544203857 0.01182529824 0.0114)
(-0.01458075561 0.01109853383 0.0114)
(-0.01371947265 0.01037176942 0.0114)
(-0.01285818969 0.009645005006 0.0114)
(-0.01199690674 0.008918240595 0.0114)
(-0.01113562378 0.008191476183 0.0114)
(-0.01027434082 0.007464711772 0.0114)
(-0.0275 0.02475 0.0114)
(-0.02660784705 0.02392488928 0.0114)
(-0.02571569409 0.02309977855 0.0114)
(-0.02482354114 0.02227466783 0.0114)
(-0.02393138819 0.0214495571 0.0114)
(-0.02303923523 0.02062444638 0.0114)
(-0.02214708228 0.01979933565 0.0114)
(-0.02125492933 0.01897422493 0.0114)
(-0.02036277638 0.0181491142 0.0114)
(-0.01947062342 0.01732400348 0.0114)
(-0.01857847047 0.01649889276 0.0114)
(-0.01768631752 0.01567378203 0.0114)
(-0.01679416456 0.01484867131 0.0114)
(-0.01590201161 0.01402356058 0.0114)
(-0.01500985866 0.01319844986 0.0114)
(-0.0141177057 0.01237333913 0.0114)
(-0.01322555275 0.01154822841 0.0114)
(-0.0123333998 0.01072311769 0.0114)
(-0.01144124685 0.009898006961 0.0114)
(-0.01054909389 0.009072896236 0.0114)
(-0.009656940939 0.008247785512 0.0114)
)


// ************************************************************************* //
